{"val_loss": [0.16207705438137054, 0.12743410964806876, 0.09642177820205688, 0.08128493279218674, 0.05002729346354803, 0.033255438009897866, 0.021517228335142136, 0.019718259572982788, 0.015659283225735027, 0.013708406438430151, 0.012824104167521, 0.011566903442144394, 0.010927128605544567, 0.0123695262397329, 0.01355298546453317, 0.014518288585046927, 0.015520174987614155, 0.01582748567064603, 0.01580604910850525, 0.015535575027267138, 0.01599208607027928, 0.015805029310286045, 0.015802874229848385, 0.015913757185141247, 0.015772339887917042, 0.017131237623592217, 0.017464895111819107, 0.017082933336496353, 0.017295904457569122, 0.017040235921740532, 0.016106968745589256, 0.01576700744529565, 0.015624058743317923, 0.01542206791539987, 0.015558072676261267, 0.016184022029240925, 0.015956574740509193, 0.016023859071234863, 0.01573361891011397, 0.015491276048123837, 0.01546226783345143, 0.015573233986894289, 0.015350297093391418, 0.015187017930050692, 0.015373697504401207, 0.0152782474954923, 0.015272639070947966, 0.015337148060401281, 0.015189536847174168, 0.015394985675811768, 0.015406481921672821, 0.015510398584107557, 0.015810358338057995, 0.01648578451325496, 0.015739346854388714, 0.015634427467981975, 0.01675655289242665, 0.016222339123487473, 0.015851705335080624, 0.01649572855482499, 0.015573166000346342, 0.015632453685005505, 0.015770362690091133, 0.015475724823772907, 0.015391550026834011, 0.015540149683753649, 0.01595194327334563, 0.016117221675813198, 0.016011687616507213, 0.01585401501506567, 0.016109497596820194, 0.0163911326477925, 0.01607374319185813, 0.01582455759247144, 0.016127362847328186, 0.01639828396340211, 0.016443318066497643, 0.016468412553270657, 0.01613929681479931, 0.016293073383470375, 0.015826149222751457, 0.01611594359079997, 0.01590679461757342, 0.01596029195934534, 0.016054859074453514, 0.016273248630265396, 0.016371964166561764, 0.01624180283397436, 0.0163106182590127, 0.016207839362323284, 0.016116389073431492, 0.016081557298700016, 0.016271932671467464, 0.016375026665627956, 0.016234794942041237, 0.017003178596496582, 0.016360255579153698, 0.015909975705047447, 0.016147077083587646, 0.01603384812672933], "loss": [0.25556581349749313, 0.21869800906432302, 0.18977108284046776, 0.16318935469577187, 0.1383197668351625, 0.11582351319099728, 0.09480919963435123, 0.0762590409109467, 0.06090860284472767, 0.04786474061639685, 0.03723761125614768, 0.02964625586020319, 0.02387627998464986, 0.01986221537778252, 0.017519533977304633, 0.01581397128144377, 0.014977676940983847, 0.014455958955774182, 0.014193249670298476, 0.014037751396627803, 0.013913274007408242, 0.013814759979906836, 0.01365146016407954, 0.013544097836864622, 0.013410737738013268, 0.013330749579166112, 0.01326626122586037, 0.013226256068599852, 0.013147032182467612, 0.01311405973606988, 0.013079182244837284, 0.012981778157776907, 0.012960377639453662, 0.012913994000930535, 0.012884205060177728, 0.0128582703243745, 0.012849325461215094, 0.012844704532701718, 0.012806670495161885, 0.012788696361607626, 0.012785479132282106, 0.012773951270470494, 0.012759466263416567, 0.012762869267087234, 0.01270681168687971, 0.012716396858817652, 0.012720526049011633, 0.012709384735085462, 0.0127013562443225, 0.01270676634617542, 0.012701810827772868, 0.012664153191604112, 0.012666561248663225, 0.01266882107838204, 0.012647508594550584, 0.01266287767181271, 0.012657817698230869, 0.012649751366361192, 0.012622020305379442, 0.012655337390146758, 0.012637503690233356, 0.012651020710013415, 0.012657864754529376, 0.012644695657256403, 0.012604140088354287, 0.012619398240196077, 0.012647449676143495, 0.012630302655069451, 0.012632755366595168, 0.012608222761436513, 0.012637999840080738, 0.012623455179365058, 0.012617966111161207, 0.012638992335843412, 0.012660715778015162, 0.012616629369164767, 0.012661001497977659, 0.012644974367791101, 0.01265327911823988, 0.012623644629983525, 0.012661973504643691, 0.012636550162967882, 0.012633620712317918, 0.012624520612390418, 0.012605090772635058, 0.012623152744613196, 0.012603589725729666, 0.01260038475064855, 0.01259248590979137, 0.012626538004137967, 0.012595796859578082, 0.012599163247566474, 0.012620616214055764, 0.012608707196226246, 0.012612438711680864, 0.012594976217338913, 0.012599898551247622, 0.012600824236869812, 0.012594478793050113, 0.012582911276503614]}