{"val_loss": [0.02663056254386902, 0.011802770756185054, 0.006153923273086548, 0.005268318671733141, 0.004814346507191658, 0.0035421841777861117, 0.0035267081577330826, 0.0026049953885376453, 0.0011951962718740106, 0.0018806474748998881, 0.0013502313755452632, 0.000801293074619025, 0.0007208574330434203, 0.0009085638099350035, 0.0011474293423816562, 0.0007588738109916449, 0.0006534211104735732, 0.0006674387841485441, 0.0008134415838867426, 0.000664457690436393, 0.000886765553150326, 0.0007758051156997681, 0.0006024371832609177, 0.0006336947437375784, 0.0006696579395793379, 0.0005915770772844553, 0.0007703914539888501, 0.000573452701792121, 0.0006295038270764053, 0.0008197491290047765, 0.0006435790797695518, 0.000563646963564679, 0.0005863038764800877, 0.0006199149880558253, 0.0007543035433627665, 0.0006308198673650623, 0.0005511627357918769, 0.0006474728696048259, 0.0007238617283292115, 0.0006845409516245127, 0.0005534610245376825, 0.0005903298500925302, 0.0006077996571548283, 0.0005738190491683781, 0.0005522082443349064, 0.0006324415327981115, 0.0007075670408084988, 0.0006084174732677638, 0.0005377631576266139, 0.0005566119274590164, 0.000558416172862053, 0.0005395638349000364, 0.0005898438510484993, 0.0005639098875690251, 0.0006272463710047304, 0.000603331031743437, 0.0006137589924037456, 0.0005318710638675839, 0.0005642680218443275, 0.0006130677997134626, 0.0005434572347439825, 0.0006244989577680826, 0.0005270220397505909, 0.000523174530826509, 0.0005436536681372673, 0.0006198796967510134, 0.0005370150611270219, 0.0005441943241748959, 0.0011448936886154116, 0.0005640521179884672, 0.0005317279952578247, 0.0005608760809991508, 0.0005663019837811589, 0.0005470044619869441, 0.0005628939310554415, 0.0005446108290925622, 0.0005411198071669787, 0.0008155432995408773, 0.0005351660016458482, 0.0005307474406436085, 0.0006106499000452459, 0.0005288285319693387, 0.0006113472976721823, 0.0005878622992895544, 0.0005325729376636446, 0.0005620777432341128, 0.0009320340352132917, 0.0005737592873629183, 0.0005340756964869797, 0.0005234114942140877, 0.0005455564591102302, 0.0005676278844475747, 0.0006888542440719903, 0.0006498081726022065, 0.0005719395412597805, 0.0005725745868403465, 0.0005463086534291505, 0.0005548574030399322, 0.0005346913007088005, 0.0005260479869320988], "loss": [0.12667562421411277, 0.03748802100308239, 0.016196768335066735, 0.007238924538251012, 0.0038491181330755353, 0.002518528897780925, 0.0020146066060988234, 0.0018307051941519603, 0.0013512612116755919, 0.0013789468328468501, 0.0011452617269242182, 0.0011382996293832549, 0.0010253861983073875, 0.0009571115821017884, 0.0009173577127512544, 0.0008369260904146358, 0.0008317206054925918, 0.0007968129575601779, 0.0007385384655208327, 0.0008107743589789607, 0.0007508703056373633, 0.0007348922212258912, 0.0007497315018554218, 0.0007427824908518233, 0.0007189833966549485, 0.0006988114291743841, 0.0007227607566164806, 0.0006996673095272854, 0.000673104464658536, 0.0006947076471988112, 0.0006765284422726836, 0.000647391351958504, 0.0006817242698161863, 0.0006651669180428143, 0.0006521746618091129, 0.0006404040235793218, 0.0006525030628836248, 0.0006487219397968147, 0.0006393639407178853, 0.0006513005959277507, 0.0006324236928776372, 0.0006345202469674405, 0.0006523173273308202, 0.0006369078189891297, 0.00060328483232297, 0.0006058927254343871, 0.0005966260709101334, 0.0006060149527911563, 0.0006193975066707935, 0.0006036710394255352, 0.0006132831505965442, 0.0005978131477604621, 0.000596321468037786, 0.0006050432100892067, 0.000614292366662994, 0.0006000058929203078, 0.0005819714468088932, 0.0005991613041260279, 0.0005888016668905039, 0.0006069308488804382, 0.0005670408849255182, 0.0005930888481088914, 0.0005622022472380195, 0.000579606817336753, 0.0005835714480781462, 0.000573701408575289, 0.0005891670582059306, 0.0005621926786261611, 0.0005449940006656106, 0.0005918741262576077, 0.0005767687936895527, 0.0005708068820240442, 0.0005655442844727076, 0.0005537829681998118, 0.0005532827410206665, 0.0005716904044675176, 0.0005738640174968168, 0.0005528660869458691, 0.0005431446566944942, 0.0005588005180470646, 0.0005415889114374295, 0.0005554806797590572, 0.0005479007653775625, 0.0005461225729959552, 0.0005527820780116599, 0.0005388447192672174, 0.0005400039801315871, 0.0005495127894391772, 0.0005518174126336817, 0.000544944683497306, 0.0005387051307479851, 0.0005477936465467792, 0.0005488840397447348, 0.0005387472832808271, 0.0005437829902803059, 0.000532892782939598, 0.0005374061984184664, 0.0005461059270601254, 0.0005518045501958114, 0.0005202210646530148]}