{"val_loss": [0.0593014657497406, 0.017334278486669064, 0.00822025928646326, 0.007080344390124083, 0.0073691712692379955, 0.0055770973674952986, 0.005134574463590979, 0.005622977018356323, 0.003626403817906976, 0.0033013664186000826, 0.0029533707071095704, 0.0024283850565552712, 0.0011933927657082678, 0.0015398963121697306, 0.0012468529283069074, 0.0012859845766797662, 0.0009340699994936586, 0.0015580263920128346, 0.0018753105308860541, 0.001819018693640828, 0.0022150870878249406, 0.0015683648642152547, 0.0014176530530676246, 0.000857127329800278, 0.0008429496781900525, 0.0011739930137991904, 0.0006714860093779862, 0.0007582684978842735, 0.0007283560000360012, 0.0006311334669589997, 0.0006430577370338142, 0.0007132756989449262, 0.0007875301176682115, 0.000689716124907136, 0.0006022367277182638, 0.0007555537740699947, 0.0009059840114787221, 0.0006526896497234703, 0.0007036846363916993, 0.0007792895776219666, 0.000594698335044086, 0.000690050283446908, 0.0007006382336840033, 0.0007022995501756668, 0.0007390018901787699, 0.0006054555880837143, 0.0005891964538022876, 0.0008105978486128151, 0.0011046020546928049, 0.0006134714349173009, 0.0008997275144793093, 0.0006412695860490203, 0.0006119450437836349, 0.0009272662689909339, 0.0005595551803708077, 0.0006159751443192363, 0.0006937118712812662, 0.0008403118001297117, 0.0006283913040533662, 0.0006505708675831557, 0.0005580213735811412, 0.000658004661090672, 0.0010029116296209396, 0.0007530917762778699, 0.0008372999494895339, 0.0006320344749838114, 0.0005922123673371971, 0.0005851812544278801, 0.0007687612436711788, 0.0005693619314115494, 0.0005562394973821938, 0.0006887229508720338, 0.0007132696453481912, 0.0005512212519533932, 0.0005679538357071578, 0.0005693995044566691, 0.0006264447467401624, 0.0008452850044704974, 0.0005878660478629172, 0.0005822918436024338, 0.0005540477053727954, 0.000764315330889076, 0.0005553743860218674, 0.0005596691335085779, 0.000591844180598855, 0.0006756981601938605, 0.0007760818349197507, 0.0005983951385132968, 0.0007037424598820508, 0.0007621969212777913, 0.0006634611636400223, 0.0006094670272432268, 0.0006139525212347507, 0.0008424474741332233, 0.0007334906258620322, 0.0006507440120913088, 0.0006414347793906927, 0.0006048597279004753, 0.0008536558831110597, 0.0007325668004341424], "loss": [0.1278156263753772, 0.04376515974290669, 0.02133623214904219, 0.01067182132974267, 0.005225762136979029, 0.003631779330316931, 0.002981665942934342, 0.0025654637516709044, 0.0023112911643693224, 0.002098586116335355, 0.0020448914234293624, 0.0017901921033626421, 0.0017904050269862636, 0.0017103154881624506, 0.0016518384130904452, 0.0015758214794914238, 0.0015608986504958011, 0.0014247369748773054, 0.0013575685108662583, 0.0012865094307926484, 0.0012097368729882874, 0.0011219109495868907, 0.0010599941640975885, 0.0009558293313602917, 0.0009781089393072762, 0.0009214925419655628, 0.0009169018201646395, 0.0009085654906812124, 0.0008643656547064893, 0.0008733990616747178, 0.0008293408827739768, 0.0008074157609371469, 0.0008130890259053558, 0.0008058359017013572, 0.0007907544641057029, 0.0007583567276014946, 0.0007555114119895734, 0.0007315937546081841, 0.0007704681120230816, 0.0007344578043557703, 0.0007149409866542555, 0.0007528921734774486, 0.0007201493266620673, 0.0007286162173841149, 0.0006898731648107059, 0.0007280682504642755, 0.0007149311160901562, 0.0007015497147222049, 0.000715124090493191, 0.0007076983369188383, 0.0006887131312396377, 0.0007044744153972716, 0.0006828698657045607, 0.0006892032164614647, 0.0006819127054768614, 0.0006845776828413363, 0.0006697325647110119, 0.0006656461162492632, 0.0006675376702332869, 0.0006628483279200736, 0.000665836529515218, 0.0006545559015648905, 0.000655506967450492, 0.0006520242131955456, 0.0006609919888433069, 0.0006383832027495373, 0.0006510663821245544, 0.0006579395434528123, 0.0006601878187211696, 0.000646318965300452, 0.000653824101027567, 0.0006321695764199831, 0.0006493117849458941, 0.0006316814251476899, 0.0006230622486327775, 0.0006307715346338227, 0.0006323592962871772, 0.0006386973014741671, 0.0006213273307366762, 0.0006296791303611826, 0.0006488759281637613, 0.0006325542170088738, 0.0006114542884461116, 0.0006541028589708731, 0.0006084616194129922, 0.0006283255272137467, 0.0006102384846599307, 0.0006263815972488374, 0.0006035889156919439, 0.0006392300114384852, 0.0006149375265522394, 0.0005932635307544842, 0.0006209842184034641, 0.0006098454934544862, 0.0006217248032044153, 0.0006207104932400398, 0.0006077683457988315, 0.0006116256663517561, 0.0006022558285621926, 0.0006131554662715643]}