{"val_loss": [0.04297962412238121, 0.02039175232251485, 0.02909533369044463, 0.01352109449605147, 0.009371780014286438, 0.009117707765350739, 0.008005538489669561, 0.008696765949328741, 0.007355361400792996, 0.005657169657448928, 0.740040143330892, 0.0032019370701164007, 0.003990002830202381, 0.560602068901062, 0.6831785043080648, 0.7434724370638529, 0.6798166831334432, 0.22869553665320078, 0.5598509709040324, 0.033446138103803, 0.007264877359072368, 0.5087093909581503, 0.045293970654408135, 0.014701401193936666, 0.01969816784063975, 0.0077492647493879, 0.008962513568500677, 0.0049163113969067735, 0.0039038623993595443, 0.0022056111289809146, 0.002072446203480164, 0.0014357656861344974, 0.0021111401729285717, 0.002271760099877914, 0.001543893323590358, 0.0014651958675434191, 0.04112914949655533, 0.020205636819203694, 0.0042425029290219145, 0.0063577100324134035, 0.005008666620900233, 0.005436197388917208, 0.0026960016693919897, 0.0010577943758107722, 0.0010076282390703757, 0.0014506122097373009, 0.002482387392471234, 0.006639130413532257, 0.002522694723059734, 0.0029513582897682986, 0.004076325024167697, 0.011061819891134897, 0.001234482042491436, 0.0010896534270917375, 0.0011202987128247817, 0.003540431149303913, 0.0008980769586438934, 0.0018751344177871943, 0.002329709008336067, 0.0008848398186576863, 0.003035975620150566, 0.0008043580067654451, 0.0007023021656398972, 0.002037573760996262, 0.006074291188269854, 0.0018634173708657424, 0.0013227539602667093, 0.012935477619369825, 0.001238573924638331, 0.001263509194056193, 0.0010275082701506715, 0.0007754156443600854, 0.001027863201064368, 0.0007249960908666253, 0.003982277121394873, 0.0006406761434239646, 0.0008025890177426239, 0.0006418813912508389, 0.0007928347525497278, 0.0014542295054222147, 0.0014420077592755358, 0.0008388085407204926, 0.0007815625091704229, 0.002222748395676414, 0.0008631160211128494, 0.0006956010862874488, 0.0011330972192808986, 0.0018691133009269834, 0.001263473570967714, 0.0008726227097213268, 0.0006928022291200856, 0.0009064774106567105, 0.00109810094969968, 0.0013343553679684799, 0.0013958310009911656, 0.0011647645151242614, 0.002091959429283937, 0.0013588245104377468, 0.0014598950122793515, 0.0016403394207979243], "loss": [0.16025880881045995, 0.06246971084099067, 0.041194379329681396, 0.029513337600388025, 0.021954081021249294, 0.0154454056173563, 0.010840130479712235, 0.007274795593203683, 0.005695667362918979, 0.004578222802497055, 0.003496831270719045, 0.00313742798262913, 0.0029189479169680886, 0.00230726607045845, 0.002166793761333745, 0.0019271684945315907, 0.0020587510110712365, 0.001498439098022094, 0.0016713148705955398, 0.0016980564319773724, 0.0016146050398483088, 0.0016087986387949634, 0.0013413312048406194, 0.001369068873923664, 0.0014369074488058686, 0.001308978403501801, 0.0012968023442418168, 0.0012751866168783682, 0.0012616959835500701, 0.001175209879875183, 0.001212249592706365, 0.0011108036208162574, 0.0011796906290232744, 0.0011526596959141131, 0.0010736506848939154, 0.0011024913370707317, 0.0011881137677272292, 0.0010316965360145428, 0.0010368586211514316, 0.001026380344563605, 0.001028515646650799, 0.0010122681391964618, 0.001022657339681724, 0.0010462798711255584, 0.0009653385771487496, 0.0009135405968041404, 0.0009214533370380339, 0.0011310798520418374, 0.0008743231576916418, 0.000962203898540649, 0.0009408736797539811, 0.0009151556939621898, 0.0009515504138299116, 0.0009954043566004227, 0.000882849339273219, 0.0009425611106531793, 0.0009534705405760752, 0.0007943054814332802, 0.0009113325473950489, 0.0008245726287561027, 0.0009145829091338735, 0.0008753379255435185, 0.0008961558893420978, 0.0008093832324160949, 0.0008675326550330379, 0.0008313081098573381, 0.0008546504541300237, 0.0008792086675959198, 0.0007727723323593015, 0.0008554868706453003, 0.0008224201891081114, 0.0008679498814193433, 0.0007509755240263123, 0.0008161698811148343, 0.0007375725667531553, 0.0008144320239999184, 0.0008008498024489535, 0.0007414865356526876, 0.0007389946779432265, 0.0007665928569622338, 0.0009195016402947275, 0.0007641045529836495, 0.0007811432496007336, 0.0007817200905839471, 0.0007174882002321905, 0.0007540754404066032, 0.0008328401753188748, 0.0007662702210884737, 0.0007511491053982785, 0.000809709366876632, 0.0007168555472928443, 0.0007965127220622411, 0.0007795456576308137, 0.000695857439974421, 0.0007596233443013931, 0.0006983521437321446, 0.0007491784881016141, 0.0007493739769990114, 0.0007029256636374875, 0.0007070824350720566]}