{"val_loss": [0.03800391852855682, 0.010628662817180157, 0.0078004149720072745, 0.00521108815446496, 0.003235528338700533, 0.0017227347474545241, 0.0012592800194397569, 0.0010282326838932931, 0.0010723070823587476, 0.0012932658195495606, 0.0011894256924279035, 0.0008419444784522057, 0.036934738606214525, 0.0019105409737676382, 0.0009053205838426947, 0.0008176093571819365, 0.0010867808130569756, 0.0007030853186734021, 0.000851565832272172, 0.0006459644064307213, 0.0006843479000963271, 0.0009878465556539596, 0.0008061430649831891, 0.0010522572905756534, 0.0009117591544054449, 0.0007215071585960686, 0.000847752089612186, 0.0007295964634977282, 0.0008168508997187018, 0.0008445296320132911, 0.0014140553772449493, 0.0006137528922408819, 0.0006378938560374081, 0.0007002533180639148, 0.0008009100798517466, 0.0006031541619449854, 0.0005920220399275422, 0.0005946835270151495, 0.0006919460720382631, 0.0005959240661468357, 0.0006064211949706078, 0.0008655944140627981, 0.0005714164290111512, 0.0009356767637655139, 0.0005594808608293533, 0.0007883846759796142, 0.0009963016724213957, 0.000566201121546328, 0.0007598097668960691, 0.0006680102553218604, 0.0005640252202283591, 0.0005570167500991374, 0.0005546804750338197, 0.0005895641399547458, 0.0007552447612397372, 0.0005613829358480871, 0.0005953460116870701, 0.0005822120292577893, 0.0005770499410573393, 0.000573518022429198, 0.0005694421648513526, 0.000714528386015445, 0.0005581029457971453, 0.0005777320067863912, 0.0005577511037699878, 0.000602152501232922, 0.0006217093847226352, 0.0005516986479051411, 0.0006024947506375611, 0.0006130677997134626, 0.000627307512331754, 0.0005277141695842147, 0.0005286437110044063, 0.0005405235046055168, 0.0005895073933061213, 0.0005556557094678283, 0.0005597383540589362, 0.0005425770359579474, 0.0005304153135512024, 0.0006475061876699328, 0.0005709227174520492, 0.0005184513633139431, 0.0005554237461183221, 0.0005566018284298479, 0.0005961454124189913, 0.0005880029522813857, 0.0006572360289283097, 0.0006627837079577148, 0.0005570889159571379, 0.0005236227880232036, 0.0006229525781236589, 0.0005181046959478408, 0.0005855974333826453, 0.0005235386197455227, 0.0006074642355088144, 0.0005343676719348877, 0.0007916132337413729, 0.0005404972704127431, 0.0005866201885510236, 0.0008322453359141946], "loss": [0.09021684657782317, 0.029231669940054418, 0.013809864548966289, 0.006080391770228744, 0.0033658121770713477, 0.002327415652689524, 0.0019112038076855241, 0.0016332970597431995, 0.0013474945619236678, 0.0014137496560579165, 0.0012487178304581904, 0.0012717200195766054, 0.0012680605592322535, 0.0010564973621512764, 0.0010195976588875054, 0.0009545508466544562, 0.0010149306952371262, 0.000862939195940271, 0.00086693814228056, 0.0008381604595342651, 0.0008540927941794507, 0.0008232837164541707, 0.0008223045078921132, 0.0007981242786627262, 0.0008145592801156454, 0.0007216632846393622, 0.0007625295111211017, 0.0007175789374741726, 0.0006762280660041142, 0.0007390527331153862, 0.0006804233962611761, 0.0006702843158564065, 0.0006699671037495136, 0.0006646400004683528, 0.0006262602735660038, 0.0006475481684901751, 0.0006127767832367681, 0.0006321336986729875, 0.0006065435569325928, 0.0006324008281808347, 0.0006343485918478109, 0.0006316993931250181, 0.0005825179308885708, 0.0006125324143795297, 0.0005895955910091288, 0.0005956601555226371, 0.0005980580754112452, 0.000603258769842796, 0.0005862431964487769, 0.0006213646964170038, 0.0005979989779007156, 0.0005727340416342485, 0.0005578786171099636, 0.0005868995969649405, 0.0005582728299486917, 0.0005584330087003764, 0.0005663317831931635, 0.0005512362396984827, 0.0005203148808504921, 0.0005562301077588927, 0.0005595260881818831, 0.0005550814057642128, 0.000538518402754562, 0.000562314665876329, 0.0005186042624700348, 0.0005499883467564359, 0.0005414884704805445, 0.0005345019562810194, 0.0005585405662714038, 0.000538797173066996, 0.0005235652162809857, 0.000526034153153887, 0.0005427805517683737, 0.0005064125958597288, 0.0005217324971454218, 0.0005369286140194163, 0.0005175947371753864, 0.0005206303103477694, 0.0005134451210324186, 0.0005157781510206405, 0.000497812514367979, 0.0005263156250293832, 0.0005015188449760899, 0.0005049944586062339, 0.000498524439171888, 0.0005182333748962265, 0.000494773504033219, 0.0005189773262827657, 0.0005029410080169327, 0.0005008927859307732, 0.0004967849708918948, 0.0005015852242649998, 0.0004964808686054312, 0.0004939182523230557, 0.0004851252779189963, 0.0004965948966855649, 0.0004822206115932204, 0.0004939690625178628, 0.0004959982215950731, 0.000498579994746251]}