{"val_loss": [0.0500640906393528, 0.007765682879835367, 0.005392997292801738, 0.0052023413591086864, 0.003655843436717987, 0.0033944641705602407, 0.003962679207324982, 0.0018371703336015344, 0.3063769996166229, 0.006369341164827347, 0.0016744567081332206, 0.0017553976504132152, 0.00108453796710819, 0.0011318633216433227, 0.003485568147152662, 0.0009105334058403969, 0.0011310798581689596, 0.0010295423213392495, 0.0007031415938399732, 0.0007444672170095146, 0.0009089408209547401, 0.0009935696609318257, 0.0006969009875319899, 0.0008753485162742436, 0.0014802281511947513, 0.0007809423026628792, 0.0011278284480795264, 0.0009456629399210214, 0.000765271473210305, 0.0013644612859934568, 0.0018522582715377212, 0.002599934162572026, 0.0007805647328495979, 0.0013120974879711866, 0.002793265972286463, 0.0009734229417517782, 0.0007191610406152904, 0.0008518604794517159, 0.0009967372519895435, 0.0009131264407187701, 0.0022821715101599693, 0.000700234656687826, 0.0012356044258922338, 0.0012397540500387549, 0.0006824876065365971, 0.0007547773653641343, 0.0006640592007897794, 0.0008132866816595197, 0.0016325666336342692, 0.000736298190895468, 0.0006363937282003462, 0.000560510897776112, 0.0010848545585758983, 0.0007821660488843918, 0.0005536523705814034, 0.0006400767480954528, 0.0005945567274466157, 0.0006022107438184321, 0.0006374794174917042, 0.000571347022196278, 0.0009097746456973255, 0.0006519811926409602, 0.0006502026808448136, 0.0009141246089711785, 0.0010771768167614937, 0.0012796107796020806, 0.000721059599891305, 0.0007044783211313188, 0.000802971376106143, 0.0006569250486791134, 0.0005757589300628751, 0.000715089333243668, 0.0005786965426523239, 0.0006244994816370309, 0.0007296600379049778, 0.0005720218003261834, 0.0005852038273587822, 0.0008016117033548653, 0.0006465806043706834, 0.0009507820941507816, 0.0013105182675644754, 0.0006032781209796667, 0.0007316233008168638, 0.0009426406351849437, 0.0006461955839768052, 0.0007155000814236701, 0.000659326498862356, 0.0005885639577172697, 0.0009860409423708915, 0.000578353024320677, 0.0006839622627012431, 0.0006239351350814104, 0.0006856716470792889, 0.0007576911128126084, 0.000678844889625907, 0.0006668320973403751, 0.0007766551920212805, 0.0007969826343469322, 0.0006574968341737985, 0.0006000912399031222], "loss": [0.08224826408550143, 0.028655391139909624, 0.014512029313482343, 0.007179062941577286, 0.0042672240873798725, 0.0031089909141883256, 0.002635510260006413, 0.0023361517989542334, 0.001988547408836894, 0.001855463269748725, 0.0014944698254112155, 0.0015028745125164277, 0.0013760823669144884, 0.0012951858603628351, 0.0012299424561206251, 0.0011453605780843644, 0.0010926667382591404, 0.0011247212183661758, 0.0010929906653473153, 0.0010327770680305548, 0.0010097563630552032, 0.0009359238334582187, 0.0009357453745906241, 0.0009033606824232265, 0.0009248261179891415, 0.0008566265561967157, 0.0008076852565864101, 0.0007973416213644668, 0.0008011069934582338, 0.0008269160782219843, 0.0007677189554669894, 0.0007441039400873706, 0.0007712559410720133, 0.0007820769911631942, 0.0007686370321607683, 0.0007523203865275718, 0.0007168665819335729, 0.0007254407377331517, 0.0007476588289136998, 0.0007258252837345936, 0.000726072744873818, 0.0007055912268697284, 0.0007073939930705819, 0.000748011620453326, 0.0007246214881888591, 0.0006906609705765732, 0.0007005308027146385, 0.0006897068575199228, 0.0006886667506478261, 0.0006475888956629205, 0.0006909677853400353, 0.0006625193644140381, 0.0006722950034600217, 0.0006814965934609063, 0.0006720127086737194, 0.0006501887750346213, 0.0006732379872119055, 0.0006652588213910349, 0.0006590416167455259, 0.000645769798575202, 0.0006562413451320026, 0.0006337185877782758, 0.0006556567517691292, 0.00065508190455148, 0.0006655660472461022, 0.0006540260066685733, 0.0006297745458141435, 0.0006496188099845313, 0.0006535823740705382, 0.0006364613655023277, 0.0006305575370788574, 0.0006306934526946861, 0.0006349664712615777, 0.0006272949089179747, 0.0006264314753934741, 0.0006113796211138833, 0.0006409313267795369, 0.0005960418500762898, 0.000620712880481733, 0.0006335724065138493, 0.0006359252693073358, 0.0006325513430056162, 0.0006206563171872404, 0.0006063026528863702, 0.0006060215113393497, 0.0006240374299522955, 0.0006133362308901269, 0.0006188938052218873, 0.0005850054461916443, 0.0006142610713141039, 0.0006009230273775756, 0.0006103158950281796, 0.0006105004533310421, 0.0006037856532202568, 0.0005903077915718313, 0.0006136128518846818, 0.0005817153687530663, 0.0005852668029547204, 0.0006092261690355371, 0.0006025376846082508]}