{"val_loss": [0.060663885126511254, 0.079220915834109, 0.038943166534105934, 0.02111695458491643, 0.01054478312532107, 0.008737560361623764, 0.00545607724537452, 0.007476367522031069, 0.005675896226118009, 0.0049804747104644775, 0.0034543681734551988, 0.0035474292623500028, 0.0020312781368071833, 0.0020915146839494505, 0.001191593784218033, 0.0012950455614676077, 0.000940331742943575, 0.013879776621858278, 0.0013341280864551663, 0.001695597233871619, 0.000950721480573217, 0.001077887291709582, 0.001950932783074677, 0.0021350864165772996, 0.0007703720475547016, 0.000808881944976747, 0.001775056744615237, 0.0007472379753986994, 0.009620031341910362, 0.000721633667126298, 0.0009188330926311513, 0.0007055775301220516, 0.0025021202551821866, 0.0008251939240532616, 0.0010582661877075832, 0.0006997447344474494, 0.0006737502020162841, 0.0008830887575944265, 0.000738751511865606, 0.001245333153444032, 0.0006850743666291237, 0.0007734354779434701, 0.002018427553897103, 0.0008624775606828431, 0.0006771824749497076, 0.001102742583801349, 0.0008786524801204602, 0.0006446617189794779, 0.0007569859929693242, 0.0006697999585109452, 0.0006421035116848847, 0.0012453633050123851, 0.0006323439495948454, 0.0006659812255141636, 0.0006882136221975088, 0.0007038020606463155, 0.00300905325760444, 0.0005954137692848841, 0.0011164045815045636, 0.0005951855176438888, 0.0006409849156625569, 0.0006015202185759941, 0.0005950078484602273, 0.0006604631780646741, 0.000578031234908849, 0.0006271069869399071, 0.0006525858383004864, 0.0006219665907944242, 0.0008775795965145031, 0.0010540995669240754, 0.000743493961635977, 0.000704526590804259, 0.001355608265536527, 0.0011440605157986283, 0.0007023247696148852, 0.0006338964449241757, 0.0006934721604920924, 0.0008680037183997532, 0.0007174064715703329, 0.0005740432728392383, 0.0005898332844177882, 0.0008176203700713813, 0.0006439412633577982, 0.0005719652593446275, 0.0005712426112343868, 0.0006260223647889992, 0.0006106817357552549, 0.0005703443700137237, 0.0009940601303242147, 0.0005718527051309744, 0.0009925043559633195, 0.0006553123433453342, 0.0006030874404435357, 0.0007337954399796823, 0.0006957942775140206, 0.0005547386438896259, 0.0008516262751072645, 0.0005992156026574472, 0.00059516520317023, 0.0006324715407875677], "loss": [0.12037161776894018, 0.05800839611574223, 0.04031879239176449, 0.028650007749858656, 0.019772197757112354, 0.013859576643689683, 0.009399463422596455, 0.00666458054298633, 0.004589103064254711, 0.003346795792152223, 0.002698451642094082, 0.002022558939643204, 0.001987233868260917, 0.0013983672129382427, 0.0015115786349940066, 0.0013667682314438647, 0.0013274729809429693, 0.0011494314622771192, 0.001153835270088166, 0.0011021878055639956, 0.0010408542400814202, 0.001117857516204056, 0.0009927322542736012, 0.0009862651196798605, 0.0008873860076020815, 0.0009374526041363808, 0.000870042002612823, 0.0007977020148629029, 0.0009149070553432562, 0.0008212987695036358, 0.0008929809647318171, 0.0008445041021332145, 0.0008385437693888027, 0.000799254168094577, 0.0007847080001068351, 0.000795559599186833, 0.000714268958147027, 0.0007389529522410349, 0.0007371487659647277, 0.0006937389384563032, 0.0006997466277282097, 0.0007206967903154069, 0.0007353239251594795, 0.0007335939352694703, 0.0007206930971924999, 0.0007476145830495577, 0.0007167032009946476, 0.0006741353978500946, 0.0006981072288717291, 0.0006963997913867628, 0.0005965804141995154, 0.0006735712063106659, 0.0007342621270493653, 0.0006661236862112817, 0.0006845233545295502, 0.0006628725202876682, 0.0006476138690854178, 0.0006823066965137658, 0.0006556102184970912, 0.0006417653854250124, 0.0006579388588617899, 0.0006190854182932526, 0.0006390156156971658, 0.000611677767378033, 0.000671592115203997, 0.0005669808137769762, 0.0006147810858429262, 0.0006291348422803965, 0.0006081495008210799, 0.0006386409038800354, 0.0005876838848435957, 0.0006231358657762604, 0.0006165389158444381, 0.0005877968919536981, 0.0006010147458015892, 0.0006401794794089112, 0.0005684244250388522, 0.0006269056696175156, 0.0005735071624114521, 0.0005917211482914066, 0.0005729774451250897, 0.0005673364503309131, 0.0005602029483079127, 0.0005903526708655255, 0.0005868538711710196, 0.0005702937364970383, 0.0005730338912383702, 0.0006113699223772672, 0.0005437497564248348, 0.0005603379517867181, 0.0005877460705385985, 0.0005537439735091635, 0.0005549057003870411, 0.0005709947619930302, 0.0005544739374033126, 0.000581465045749945, 0.0005385355738996479, 0.0005340169545410103, 0.0005331315746604416, 0.0005282490624507007]}