{"val_loss": [0.1523946166038513, 0.20257839262485505, 0.06290805190801621, 0.020734595507383345, 0.01100616343319416, 0.009748282656073571, 0.019483531825244427, 0.08179193511605262, 0.05368255078792572, 0.06452398151159286, 0.13439665734767914, 0.07832056134939194, 0.07522815018892288, 0.035565679892897606, 0.045149994641542436, 0.032147088274359706, 0.03778696730732918, 0.017472559586167336, 0.016491266526281835, 0.012560832686722279, 0.0053544709458947185, 0.009065771847963333, 0.0050256622955203055, 0.008760331943631173, 0.009180647134780884, 0.003631521388888359, 0.003923213062807918, 0.006940675992518663, 0.008744911197572947, 0.0042789327446371315, 0.004510372085496784, 0.004496597778052091, 0.0037429912481456995, 0.005265767173841596, 0.0031442676205188035, 0.002843474131077528, 0.003009343799203634, 0.002761500561609864, 0.0030836736783385276, 0.0028426566626876594, 0.0029616538900882005, 0.002728306641802192, 0.00284911566413939, 0.002968896459788084, 0.002938791224732995, 0.003130877809599042, 0.0037691956385970116, 0.0028728220611810686, 0.0027576243970543145, 0.0030610269401222467, 0.003021478746086359, 0.0029068464413285256, 0.0031753286253660916, 0.002668876061215997, 0.003945851325988769, 0.003000857355073094, 0.0052464918699115515, 0.0037727783434092998, 0.003373466618359089, 0.0032180937007069586, 0.003934946283698082, 0.0028078975155949593, 0.0033548046369105576, 0.0030868443194776774, 0.002908673649653792, 0.0039057228714227676, 0.003537862189114094, 0.003396282158792019, 0.0035987362265586854, 0.0032255038153380156, 0.003612878266721964, 0.0029908997006714345, 0.0036277666222304106, 0.0028002364095300438, 0.002461640350520611, 0.003142757946625352, 0.002379178931005299, 0.002115150075405836, 0.0026828411500900984, 0.0026663584634661675, 0.0032453192863613365, 0.002037044567987323, 0.0036070659290999172, 0.0035142555832862856, 0.0037698034662753343, 0.0032408065162599087, 0.0033114793710410594, 0.0029947715345770122, 0.003238850273191929, 0.002834025863558054, 0.002167059131897986, 0.0026751730125397443, 0.004510392993688583, 0.0033967138268053533, 0.00262770657427609, 0.002810144703835249, 0.002731315605342388, 0.003169792424887419, 0.003658937057480216, 0.0038437838200479748], "loss": [0.21865097023546695, 0.14871227219700814, 0.0932904476299882, 0.05272868424654007, 0.029166382737457752, 0.01825719515327364, 0.014139116392470896, 0.012666927720420062, 0.012004319881089031, 0.011382867651991545, 0.010481306177098304, 0.009947432798799127, 0.009503878501709551, 0.009149191179312765, 0.008858354308176785, 0.008402372349519283, 0.008175943791866303, 0.007967229594942182, 0.007503486389759928, 0.007269435783382505, 0.006910608150064945, 0.006400532403495163, 0.0058045522309839725, 0.005260233499575407, 0.004983317444566637, 0.004823756293626502, 0.004579668858787045, 0.004407514247577638, 0.004405212175333873, 0.004351900867186486, 0.004354761046124622, 0.004295875516254455, 0.004263332136906684, 0.004127231205347926, 0.004108812275808305, 0.004102235636673867, 0.0040139454533345996, 0.004107502510305494, 0.003947758011054248, 0.003994072205387056, 0.004080043808789924, 0.003954812069423497, 0.003930295101599768, 0.0038691322901286186, 0.003937392978696152, 0.003943738469388336, 0.003891041979659349, 0.003831878595519811, 0.003734638390596956, 0.003726423269836232, 0.0037313373351935296, 0.003766526171239093, 0.0036556824983563275, 0.0037744209344964474, 0.0035986735369078816, 0.0036134493188001216, 0.0035750814888160674, 0.0037090454250574114, 0.0036961731500923635, 0.0036319718812592326, 0.0036746565892826766, 0.0037131247227080166, 0.0037179835548158736, 0.003550160815939307, 0.003568908351007849, 0.003530203487025574, 0.0034766513854265213, 0.0032890942122321574, 0.00327752023586072, 0.0031871576677076517, 0.0031228670210111885, 0.0030512051482219247, 0.003022030496504158, 0.0030332507914863525, 0.0028775510028935967, 0.0027631862612906843, 0.002833179320441559, 0.0027480477117933335, 0.002754376351367682, 0.0028025359322782608, 0.0027948751987423746, 0.0028595152369234713, 0.0028675108798779545, 0.0029774535680189727, 0.0029496141185518356, 0.0029692297452129424, 0.0029491833760403098, 0.002868841600138694, 0.0029189200198743493, 0.002756302763009444, 0.002842051791958511, 0.0028111958235967904, 0.0028199658961966636, 0.0029677890008315442, 0.002792242664145306, 0.002838941157096997, 0.002750195050612092, 0.0028859988145995886, 0.003043743153102696, 0.00292040848871693]}