{"val_loss": [0.30595533549785614, 0.137156680226326, 0.03165349985162417, 0.021536726504564285, 0.013727044376234213, 0.010321601604421934, 0.010552622067431608, 0.010880296428998312, 0.01178254218151172, 0.011137551007171472, 0.010175401034454504, 0.008079703121135632, 0.007632832663754622, 0.005939074015865724, 0.003908843578149875, 0.0036137003917247057, 0.002339862830316027, 0.0016481994728868206, 0.0018193134649967153, 0.0016821617415795724, 0.0011768876574933529, 0.0013574962116157014, 0.0013021734775975347, 0.0008659987361170352, 0.0012905608552197616, 0.001066475233528763, 0.0008664838969707489, 0.0012837121806417902, 0.0010844771362220247, 0.0008105081312047938, 0.0006904719630256295, 0.0008793431140171984, 0.0008488163002766669, 0.0008163797319866717, 0.0007305474913058182, 0.0011166358987490337, 0.0006774056625242034, 0.0006996948698846003, 0.0006417645878779391, 0.0012704639229923487, 0.0007310797033521036, 0.0006596751239461204, 0.0009943945915438235, 0.0006495134827370445, 0.0006926032365299761, 0.0009930177281300228, 0.0007117081355924407, 0.0006101236407024165, 0.0007075798736574749, 0.0009453468568002185, 0.0007289909602453312, 0.0006075005318659047, 0.0007296638602080444, 0.0006413714921412369, 0.0006831842862690488, 0.0006100552272982895, 0.0005914559975887338, 0.000771356727151821, 0.0007949408803445598, 0.0006943478559454282, 0.0006030811734187106, 0.0005614271697898706, 0.0005634803286132714, 0.0005858487177950641, 0.0006902836806451281, 0.0007005564402788877, 0.0005855274309093753, 0.0005744958568053941, 0.0008634245023131371, 0.00057752407155931, 0.000596488748366634, 0.0005986922769807279, 0.0007836793859799703, 0.0005817482985245684, 0.0005814174849850436, 0.0006028767287110289, 0.000670302368234843, 0.0005737058042238156, 0.0005463546646448473, 0.0005704638121339182, 0.0006380406945633391, 0.0005848748066152135, 0.0005676080278741816, 0.0005730624931553999, 0.0005482785248508056, 0.0006314324176249405, 0.0006912245492761334, 0.000615894173582395, 0.0006533893174491823, 0.0005584603447156647, 0.000569650651110957, 0.0005501676156806449, 0.0005641055176965892, 0.000700531352777034, 0.0005570095575725039, 0.0005821099815269312, 0.0006907076846497754, 0.0005438894343872865, 0.0005913093724908928, 0.0006125553627498448], "loss": [0.207031764482197, 0.10987093142772976, 0.07022873449482415, 0.05126204184795681, 0.03565844060166886, 0.023944644355460218, 0.016317862527150857, 0.010670925735643036, 0.007436508950042098, 0.004989352849263109, 0.0034782212399142353, 0.0026747059983838546, 0.0022869527670799903, 0.0019340265885387595, 0.001655537242952146, 0.0016574318165351685, 0.0014744374263835581, 0.0013819793055422213, 0.0013642221670842876, 0.001220891818918876, 0.0011420472659856866, 0.0012390701326933738, 0.001063546273048575, 0.0010295928988948856, 0.0010073279539172194, 0.0010674676159396768, 0.0009435979912890808, 0.000977807221811657, 0.0008976257767675346, 0.0008983030688556793, 0.0008453260402587292, 0.000854939697187786, 0.0008680690723275276, 0.0008299734817180587, 0.0008776137623690852, 0.0007628478679658943, 0.0008062321882645943, 0.0007844752184801587, 0.0007931679076711206, 0.0007600072023801898, 0.0007346372769557332, 0.0007759016711804035, 0.0006892992716625725, 0.0007167401000563251, 0.0007016482046119085, 0.0007173856291429777, 0.0006742121032929342, 0.0007380888166249191, 0.0006811526530471287, 0.0007146874896103615, 0.0006745366447016989, 0.0006743805041830791, 0.0006150755185731932, 0.0007101345292635654, 0.000693139278538231, 0.0006765457556435937, 0.0006678941365527479, 0.0006689391708565189, 0.0006447633327058467, 0.0006749580589760291, 0.000664699447378026, 0.0006412600173222783, 0.0006969613038420089, 0.0006690653788514043, 0.0006498653919583088, 0.0006399403378293899, 0.0006058866626852634, 0.0006601106571523767, 0.0006333797983212495, 0.0006505104400658686, 0.0006184668899023611, 0.0006520944007206708, 0.0005903013837891386, 0.0006392015646652956, 0.0006138820700518983, 0.0006074010008504908, 0.0005984163359052649, 0.000634859579517261, 0.0006167509234632904, 0.0006380368017983672, 0.000599727806586184, 0.000597133514115979, 0.0006348633277842677, 0.0006051564031574679, 0.0006217315293676956, 0.0006106676729886155, 0.0006059962064395414, 0.0005970684731820304, 0.0005876905036673538, 0.0005580105582913874, 0.0006171702269440223, 0.0005918250137351846, 0.0005897755005494936, 0.0005871383013742927, 0.0006243178764921858, 0.0005786406231651965, 0.0005535134053053824, 0.0005843415657229917, 0.0005968827677670082, 0.0005709221678491877]}