{"val_loss": [0.24897369742393494, 0.04681563129027685, 0.024926859885454178, 0.020256686334808666, 0.015157627562681833, 0.01165631382415692, 0.00891963749503096, 0.007415820689251025, 0.008496629695097605, 0.00832614783818523, 0.00626435037702322, 0.0068255141377449036, 0.004238583846017718, 0.0032647671177983284, 0.003296077406654755, 0.0030346304023017487, 0.0017027837069084246, 0.0025042389364292226, 0.003169411327689886, 0.0023681368523587785, 0.001435864173496763, 0.0017327211486796539, 0.0019359691456581156, 0.0030683936395992837, 0.001953200980400046, 0.0012875484147419531, 0.001985991334853073, 0.0011411865319435794, 0.0012739936743552487, 0.001174579723738134, 0.0012282162982349594, 0.0013758215742806594, 0.0015110094488287966, 0.001335543308717509, 0.012714465459187826, 0.0011246336701636512, 0.4533885320027669, 0.01620257118095954, 0.0009533827348301808, 0.0008162716403603554, 0.0008601095954266688, 0.000817880209069699, 0.0014779400080442429, 0.001618079065034787, 0.0010064950523277123, 0.0007455735661399862, 0.0010109144107749064, 0.001038572770388176, 0.0008276055062500139, 0.0008046250053060552, 0.0007713380618952215, 0.0007754368513512114, 0.0008153596233266095, 0.0006659534216548005, 0.0008443102706223726, 0.0012733444261054199, 0.0009304033398317794, 0.000693752042328318, 0.0007763846272913119, 0.000833375146612525, 0.0007931148284114897, 0.0010059271783878405, 0.0016556576592847705, 0.000873332901392132, 0.0006944430254710218, 0.0007337673062769076, 0.0006732199302253624, 0.0012241362516457837, 0.0007078891115573546, 0.0011024296982213855, 0.0006368987766715387, 0.000783076393418014, 0.0007885185574802259, 0.0007360420616654059, 0.0006211861230743428, 0.0006627351200828949, 0.0006628734602903327, 0.0014981916562343638, 0.0015514312932888668, 0.0008061774618302783, 0.001113293847690026, 0.0009176954821062585, 0.0007845538784749806, 0.0006048408104106784, 0.0006011818380405506, 0.0006222255372752746, 0.0005895864645329615, 0.0006211864141126474, 0.0006314174776586393, 0.000617660271624724, 0.0011071040062233806, 0.0006159058927247921, 0.0006135029640669624, 0.0006574740982614458, 0.0006102265324443579, 0.0006405197200365365, 0.0007243299817976853, 0.0006965922851425906, 0.0006029698609684905, 0.0006044460848594705], "loss": [0.21712878346443176, 0.13737571592393674, 0.07474960582820993, 0.04988133044619309, 0.034752279127898966, 0.023771571093483976, 0.016806640858320815, 0.011631696386949011, 0.0079976965330149, 0.005830413269761361, 0.004487280108916916, 0.003733765493196092, 0.0032356422100412218, 0.0030910415256297902, 0.00291801686398685, 0.0024722315444561994, 0.0025084258216482246, 0.0024338835531747655, 0.0022913508399046564, 0.002294991336958973, 0.0023215116602123566, 0.002091692564518828, 0.002051226947897751, 0.002251224518802605, 0.002080302716134802, 0.0018525250305078532, 0.0018167267124609727, 0.001712515619338343, 0.001686498614665317, 0.0017368206202885822, 0.001567102588811203, 0.0015310127729255903, 0.0015517746980645154, 0.0014679284864350369, 0.0013931326255643445, 0.0013599417625779384, 0.0013367301956015197, 0.001288162743501169, 0.0012619009020885354, 0.0011664176892832313, 0.0010894143641436177, 0.0011113764546615513, 0.001064466723044844, 0.0011569613431531348, 0.0011173622333444655, 0.0009670791914686561, 0.0011164244711644163, 0.0009393976590792207, 0.0010977280264916388, 0.001036059074594002, 0.0009321722900494933, 0.0009334031155479974, 0.0009974105479685885, 0.0009671581884551989, 0.0009086760447213525, 0.0009556806333804209, 0.0008828015048301926, 0.0009410939099708278, 0.0009187862221886845, 0.0009472863656762792, 0.0008645587980649189, 0.0009408546979294011, 0.0009241401444581386, 0.0008214300553510455, 0.0008627393644450134, 0.0008867632407744072, 0.0008378211672319786, 0.0008359555688098465, 0.0008474044397620386, 0.0008360863798052856, 0.0008492734081013815, 0.0007607168701820468, 0.0008464331775413532, 0.0008403638800557115, 0.0008296699532748837, 0.0007998183535068835, 0.0008132283048900334, 0.0008373347196826025, 0.0007909660558461359, 0.0008277424556007119, 0.0007818144942192655, 0.0008203740458396313, 0.0007811528079113678, 0.0007826141081750393, 0.0007925416820829636, 0.0007709220211070619, 0.0007975939691900031, 0.0008206799730511481, 0.0007681528100204703, 0.0008056128250533028, 0.0007448155206236008, 0.0007412157689319237, 0.0007470133530564214, 0.0007367331356937555, 0.0007935633061845836, 0.0007378455882548893, 0.0007424727817507167, 0.0007637410767768559, 0.000764522082662504, 0.0007046590050633409]}