{"val_loss": [0.12570560574531556, 0.0618231400847435, 0.046105004101991656, 0.061967610567808154, 0.03757205754518509, 0.041979549825191496, 0.02676435522735119, 0.058164657652378084, 0.045728099346160886, 0.04881574213504791, 0.061307089775800704, 0.04922103583812713, 0.036326689645648, 0.047367630153894426, 0.058643838763237, 0.04864204078912735, 0.034051702544093135, 0.019546336866915225, 0.018417344242334367, 0.011692216992378235, 0.004374690307304263, 0.004857961321249604, 0.007201449666172266, 0.010164505522698163, 0.010421081725507975, 0.004941886151209473, 0.004278508434072137, 0.005484943278133869, 0.006144063733518124, 0.005575101915746927, 0.003653363324701786, 0.006536717806011438, 0.009138247091323137, 0.011606911197304726, 0.010243257135152816, 0.009854330122470856, 0.01768603138625622, 0.006028556963428855, 0.004247589083388448, 0.009084256272763014, 0.0058729828801006075, 0.009770440496504306, 0.006805016566067934, 0.0053941462188959125, 0.0057118033524602655, 0.007289614714682102, 0.00550214909017086, 0.011941340193152428, 0.003836208349093795, 0.004479451756924391, 0.0038694034330546854, 0.004675415484234691, 0.004757624259218574, 0.006776630226522684, 0.003497741324827075, 0.0037200327962636946, 0.004846831830218434, 0.005914244335144758, 0.005582627980038524, 0.008860358130186796, 0.004907752154394984, 0.005507801426574588, 0.0036719725932925938, 0.004282070836052298, 0.006582955271005631, 0.006115102861076594, 0.004734870325773954, 0.00938910823315382, 0.008830692525953055, 0.00890857670456171, 0.015521790273487568, 0.007608445826917887, 0.016114365495741367, 0.006597027787938714, 0.0035573987290263174, 0.005531689850613475, 0.005069877952337265, 0.004026578413322568, 0.0039045373443514107, 0.005832150112837553, 0.008526409696787595, 0.007968204654753208, 0.01487315185368061, 0.007645097188651561, 0.009887261409312486, 0.007707810308784246, 0.011718870978802443, 0.01302945837378502, 0.008954445738345385, 0.020909336023032667, 0.01112703951075673, 0.017154403030872345, 0.028478243947029115, 0.0057574275881052015, 0.004776472458615899, 0.004504865035414696, 0.004315307457000017, 0.0038419418036937714, 0.004268710315227508, 0.0040089563000947235], "loss": [0.22128688767552376, 0.14577877037227155, 0.08930753003805876, 0.04942362746223807, 0.027399320807307958, 0.01735057800542563, 0.0136929219821468, 0.01237400013487786, 0.011367990449070931, 0.010361765371635556, 0.009469368669670075, 0.009065954247489572, 0.00850272465031594, 0.008131627819966524, 0.007892007590271533, 0.007596290542278439, 0.007146388769615442, 0.006595407868735493, 0.006015561241656542, 0.005526227422524244, 0.0051383058947976675, 0.004957450996153056, 0.004712938808370382, 0.004594648361671716, 0.004464808583725244, 0.0044407402630895374, 0.004352724656928331, 0.004379608883755282, 0.004265030956594274, 0.004320625402033329, 0.004192427848465741, 0.004172895342344418, 0.00413915078388527, 0.004143497656332329, 0.004072541737696156, 0.004056899674469605, 0.0039962295617442575, 0.0040128222724888475, 0.003983040864113718, 0.003991088696056977, 0.00401646081591025, 0.003964942577295005, 0.0039928593498189, 0.003990058664930985, 0.0039347881160210815, 0.0039007111394312234, 0.0038696335162967444, 0.003857433970551938, 0.003912065201438964, 0.003883983916603029, 0.0038275959843304007, 0.003819215769181028, 0.00388352072914131, 0.003825089812744409, 0.0038911550655029714, 0.003812499059131369, 0.003818942658836022, 0.003892897930927575, 0.0038650889531709255, 0.0038164882978890093, 0.0037892262742388995, 0.0038055716024246065, 0.003859144204761833, 0.003805764066055417, 0.003807628358481452, 0.003805862087756395, 0.003796955291181803, 0.0038344011700246483, 0.003857787942979485, 0.0037990785494912416, 0.003872633894206956, 0.003879625117406249, 0.0038567658164538445, 0.003785780048929155, 0.0037819144083186982, 0.003760526271071285, 0.003834136197110638, 0.0037788867251947523, 0.003830122639192268, 0.0037761776125989853, 0.003707784728612751, 0.0036878898448776455, 0.0036691609071567654, 0.0036432094522751866, 0.0036589574010577053, 0.0036351090064272286, 0.003621628019027412, 0.0036152158572804183, 0.0035591903200838716, 0.0035508906526956706, 0.0035310102335643022, 0.003537391225108877, 0.0034958216943778097, 0.003501309943385422, 0.0035093379323370756, 0.003503232088405639, 0.003469319187570363, 0.003417525195982307, 0.003493456926662475, 0.0034953148453496395]}