{"val_loss": [0.14638672272364298, 0.12605628867944083, 0.11449303478002548, 0.0928511048356692, 0.08137746155261993, 0.06453887373209, 0.03850341712435087, 0.03470635786652565, 0.027572015921274822, 0.016742969242235024, 0.015534851389626661, 0.015483278160293898, 0.01542673259973526, 0.015354262354473272, 0.015602846629917622, 0.016354340128600597, 0.016723310574889183, 0.016995583350459736, 0.016847182686130207, 0.01641123214115699, 0.016681823879480362, 0.016748562455177307, 0.016417462689181168, 0.01606522003809611, 0.016130430313448112, 0.01616640854626894, 0.01574590988457203, 0.015577534524103006, 0.014614030718803406, 0.015071677044034004, 0.014749215915799141, 0.014831272885203362, 0.014919537119567394, 0.01539649534970522, 0.015337588575979074, 0.014973446416358152, 0.015000706848998865, 0.014948901409904162, 0.014896797016263008, 0.014760931643346945, 0.014760752208530903, 0.014714112194875876, 0.015041757995883623, 0.014764990036686262, 0.014633022559185823, 0.014475459232926369, 0.01428292722751697, 0.01396947323034207, 0.013937481679022312, 0.013921485903362433, 0.013987985129157702, 0.014112455459932486, 0.01386665894339482, 0.013742215000092983, 0.014287854544818401, 0.014678210020065308, 0.013956565409898758, 0.014137449984749159, 0.013359646933774153, 0.013860616522530714, 0.014609814311067263, 0.01499888114631176, 0.01516799566646417, 0.014120544927815596, 0.013589796299735704, 0.01286839817961057, 0.013289597816765308, 0.013368158601224422, 0.013165088991324106, 0.014319827469686667, 0.014362259767949581, 0.014547607551018396, 0.01483715915431579, 0.014935787146290144, 0.01429452250401179, 0.013950140836338202, 0.01382669402907292, 0.01401304081082344, 0.014738864575823149, 0.01475367664049069, 0.014590577532847723, 0.014242424008746942, 0.013873745997746786, 0.013250008535881838, 0.013249459366003672, 0.01372444381316503, 0.013765112807353338, 0.013531346494952837, 0.01385401375591755, 0.013872836095591387, 0.014805429925521215, 0.014463510985175768, 0.014193014552195867, 0.014632094961901506, 0.014389115075270334, 0.014867375294367472, 0.013932687851289908, 0.01424286545564731, 0.01437503999720017, 0.01379692709694306], "loss": [0.26384210508120687, 0.2270492346663224, 0.19656436772722946, 0.16815101316100672, 0.14164670125434273, 0.11759758466168453, 0.09621839186078623, 0.07744409183138296, 0.061626103755674864, 0.04814222356990764, 0.03760003710263654, 0.029895087998164326, 0.02402193020833166, 0.02018499364586253, 0.017497168412726177, 0.016003097064400975, 0.015044908921577428, 0.01456001396045873, 0.014257344123172132, 0.014047264268523768, 0.013902420717242518, 0.013780785185333929, 0.01364932478846688, 0.013557882293274528, 0.013448553159832954, 0.013384518703739894, 0.013287224267658434, 0.013248221409556112, 0.013150398962591825, 0.013086908202814428, 0.013048281648049229, 0.013002501114418632, 0.012994368462578246, 0.012964528299083835, 0.01290243540547396, 0.012872070662285151, 0.012841197613038514, 0.012820128596534855, 0.012786499665755974, 0.01277961611355606, 0.01273372480155606, 0.012709751725196838, 0.012696517435343642, 0.012682767682953885, 0.012627048564976767, 0.012637428057036902, 0.01263413225349627, 0.01260841755490554, 0.012611294851491326, 0.01258635285653566, 0.012558114077699812, 0.012550737855857924, 0.012530452179673471, 0.01257491587220054, 0.012500816564026632, 0.012447390460262173, 0.012461639156467036, 0.012435127784939189, 0.012461844635637183, 0.012489489916908113, 0.012443150050545993, 0.012433214897387907, 0.012441872324990598, 0.012458603142907745, 0.012487478995401608, 0.012430239664880853, 0.012457556581418765, 0.012437711861964903, 0.012442829528529393, 0.012483286965442332, 0.012456524136819337, 0.012503954042729578, 0.012497334054818279, 0.012499419825249597, 0.012528951819005766, 0.012478574375180821, 0.012460692099442608, 0.012448957729104319, 0.012440420295062819, 0.012427427070705514, 0.012501754552910202, 0.012472490927106455, 0.01248058730638341, 0.012432303965875977, 0.012410214955085203, 0.012438134829464712, 0.012416028907816661, 0.012446659126956212, 0.012463868399591823, 0.012447156600261989, 0.012460118649821533, 0.012497965589557824, 0.012450171928656729, 0.012474213285665763, 0.012495009571705995, 0.012483129915046064, 0.012485642427284466, 0.012467440952988048, 0.012495651792146657, 0.012503739691486484]}