{"val_loss": [0.30677008132139844, 0.025948979581395786, 0.027100864176948864, 0.012191196903586388, 0.011390807417531809, 0.011398826725780964, 0.012968700689574083, 0.0128000658005476, 0.012087703372041384, 0.012842944823205471, 0.010468855500221252, 0.007534760050475597, 0.008004513724396626, 0.007748180845131476, 0.0059610338260730105, 0.006600842500726382, 0.005075803026556969, 0.0034399631743629775, 0.0030655486043542624, 0.0031179238576442003, 0.0022444944673528275, 0.0026242381427437067, 0.002550458845992883, 0.0010706201622573037, 0.0013331046405558784, 0.001373626058921218, 0.0013158779280881088, 0.0019225515813256304, 0.0008384120689394573, 0.001353833785591026, 0.0008725335355848074, 0.0014715942088514566, 0.0011996976876010497, 0.0013267365672315161, 0.004290725880612929, 0.001466761304376026, 0.002657047240063548, 0.003906351048499346, 0.0023502166538188853, 0.0024099890142679214, 0.001320387003943324, 0.0016906614570568006, 0.001235746662132442, 0.0008842626896997293, 0.0011286853890245159, 0.0008715228953709205, 0.0006629305426031351, 0.0006546122798075279, 0.0008078770285161833, 0.0010828737285919487, 0.0006651283668664595, 0.0007348356496853133, 0.0007015529554337263, 0.0007445707645577689, 0.0007845334281834463, 0.0006992894147212306, 0.0010328218922950327, 0.0010802933635811012, 0.0007524911585884789, 0.0011351932383452852, 0.0012141986517235637, 0.0011060739246507485, 0.0011680649671082695, 0.0008243215464365979, 0.0006107915542088449, 0.000891601899638772, 0.0007058022116931776, 0.00067073421087116, 0.0008911301265470684, 0.0007872506005999943, 0.0010588734488313396, 0.0007894659259667, 0.0006064175201269487, 0.0006127710221335292, 0.0007353484009703001, 0.000667272659484297, 0.0007847274731223782, 0.0007353767092960576, 0.000818918866571039, 0.0007657024349706868, 0.0007816686023337146, 0.0006965923239476979, 0.000697734901526322, 0.0006548455567099154, 0.0009819946135394275, 0.0006621657133412858, 0.0007687497418373823, 0.0008165232332733771, 0.001066308138736834, 0.0007391672115772963, 0.0006728731095790863, 0.000844050858480235, 0.0007600229194698235, 0.0005766241811215878, 0.0007058717116403083, 0.0007367046588721374, 0.0006756318616680801, 0.0007060856053916117, 0.000978380364055435, 0.0006297385552898049], "loss": [0.20943235253032885, 0.10204143077135086, 0.04957187058109986, 0.03303662648326472, 0.022670551399259192, 0.014529455355123469, 0.009801600545056556, 0.006779889061458801, 0.004821026795788815, 0.003961566357726329, 0.0030653233652150162, 0.003064024335655727, 0.002860128971453952, 0.00259149569013205, 0.0026613806166048896, 0.0025098688447063693, 0.0021505166200528805, 0.0020178889880250943, 0.0020797885341667815, 0.0018601552889633336, 0.0021048921748603646, 0.001901768209216626, 0.0018589367207727935, 0.0017761495760887076, 0.00185752081023039, 0.001817035206936692, 0.0016719068853968853, 0.0016645985459418672, 0.0017108831088989973, 0.0015574053089183412, 0.0015847409621959454, 0.0014149236774660256, 0.0013439935987423126, 0.0013618439705552238, 0.0012352961072649219, 0.0011974525313187194, 0.001151716762442926, 0.0011221003890233604, 0.0010633806293634208, 0.0010373359791150218, 0.0009642615761166733, 0.000966138025672224, 0.0009755749702698699, 0.0009073416065228613, 0.000962780874320551, 0.0008896028034781155, 0.0009160635772308236, 0.000889277811725869, 0.0008946281802644463, 0.0008683466432174962, 0.0008342566097302264, 0.000864409287092521, 0.0008246429252291197, 0.0008387070480047873, 0.0007707965253901325, 0.0008199599534763317, 0.000799247535484794, 0.0008147688410980137, 0.0007808977572590505, 0.0007835226256008211, 0.0007748232394652931, 0.0008282824021175896, 0.0007644195330182189, 0.0008075857829106482, 0.0007709324035156323, 0.0007569801589278015, 0.000828630235781403, 0.0007551308892863361, 0.0007760311158275918, 0.0007568816439934859, 0.0007636322621501198, 0.0007989831532253639, 0.0007586951986396391, 0.0007421420611392119, 0.0007702322603252373, 0.0007719150805649789, 0.0007003516075201333, 0.0007448542777350859, 0.0007979012321141598, 0.0007415233565935571, 0.0007423635259711821, 0.0007226758752949536, 0.0007128308551680101, 0.000746996062317569, 0.0007348759130476729, 0.0006882263497621017, 0.000757635819211014, 0.000710198003186011, 0.0006879758132670663, 0.0007288942456637558, 0.0007575896574723485, 0.0007060479623951802, 0.0006722621129531609, 0.0007228764588944614, 0.0007003497081122509, 0.0007450821944267341, 0.0007145503064078328, 0.0006966204014851859, 0.0006823611513123309, 0.0006889049928806918]}