{"val_loss": [0.023731094598770142, 0.01737806834280491, 0.006548882089555263, 0.005574731808155775, 0.004603291628882289, 0.004304473008960486, 0.0027738546021282675, 0.0016759486636146903, 0.0012842623749747873, 0.00108271004864946, 0.001076504576485604, 0.0011211108532734216, 0.002218220615759492, 0.0017012438271194696, 0.0010699069825932384, 0.0012294808984734118, 0.0012053955812007188, 0.0011087784660048783, 0.0009234749362803995, 0.00096073760651052, 0.0016314376378431916, 0.0013461701106280088, 0.0008430977002717554, 0.0006872177938930691, 0.0006168429972603917, 0.0006523169111460447, 0.0007451337529346347, 0.0006322753499262035, 0.0006693397415801882, 0.0006053766817785799, 0.0006377475219778717, 0.0006694636307656765, 0.0008385301101952791, 0.0005979114095680416, 0.0010874064289964735, 0.0005805798980873078, 0.0006610970711335539, 0.0009073066990822554, 0.0008767888299189508, 0.0006131269270554185, 0.0005934551823884249, 0.0007934518624097108, 0.0006554030813276767, 0.0005677146138623357, 0.0005982539267279207, 0.0006509845610707998, 0.0007848562207072973, 0.0006018469110131263, 0.0006473370012827218, 0.0012018472887575626, 0.0006411353358998894, 0.0006238492554984987, 0.0007198673905804753, 0.0006892627105116844, 0.0005433817044831812, 0.000971562962513417, 0.0005648340680636466, 0.000786996737588197, 0.0006026483606547117, 0.000940343749243766, 0.0006262479233555496, 0.0005759637628216296, 0.0008436301606707275, 0.0007793349912390112, 0.0006498680799268186, 0.000559593056095764, 0.0006025530863553285, 0.0007403019699268043, 0.0005792405747342855, 0.0005959845671895892, 0.0008771603577770292, 0.0007384414202533662, 0.0007908327854238451, 0.0006303014000877738, 0.0006046680267900228, 0.0007054895511828363, 0.0005857237032614648, 0.0006001435336656869, 0.0005593176814727485, 0.001084329653531313, 0.0005544553510844708, 0.0006767400307580828, 0.0007321981596760452, 0.000671709852758795, 0.0007899689255282283, 0.000563606241485104, 0.000677239999640733, 0.0005986317992210388, 0.0006270862417295575, 0.0006376931793056429, 0.0008040752494707703, 0.00066685687052086, 0.0006261213566176593, 0.0006914584198966622, 0.0005396216409280896, 0.0005459356121718884, 0.0006601150962524116, 0.0007998895482160151, 0.0006231904495507479, 0.0005399264977313578], "loss": [0.14350557988509535, 0.03575185085646808, 0.014787378255277872, 0.007264811859931797, 0.004023663414409384, 0.0028942792647285386, 0.0026810296898474918, 0.002237019082531333, 0.0021580690343398603, 0.001988238751073368, 0.0018784636777127162, 0.0017764408054063096, 0.0017746408528182655, 0.0016011584084481, 0.0015404995952849275, 0.0015413835644721985, 0.001383528193400707, 0.0013522125751478597, 0.0012194250404718332, 0.0011370652879122644, 0.0010378158840467222, 0.0010044467300758698, 0.0009605020371964201, 0.0008962903913925402, 0.0009509892392088659, 0.0008706803404493257, 0.0008631207936559803, 0.000872420119412709, 0.0008429237350355834, 0.0008407335495576263, 0.0008066773909376935, 0.0008145144180161879, 0.0007841603000997566, 0.0007842603459721431, 0.0007853913586586714, 0.0007740847431705333, 0.0007443856360623613, 0.0007451671597664244, 0.0007554136929684319, 0.0007344379526330158, 0.000741208805993665, 0.0007416022999677807, 0.000744448859768454, 0.000728780243662186, 0.0007378490219707601, 0.0006829273450421169, 0.0007387892750557512, 0.0007105299780960194, 0.0007248578171129338, 0.0006754538277164102, 0.0006680938502540811, 0.000711810048960615, 0.0007108267462172079, 0.0006913255972904153, 0.0006990393187152222, 0.0006800594193919097, 0.000658270448911935, 0.0006858144639409147, 0.0006980954218306579, 0.0006851861937320792, 0.0006561774600413628, 0.0006571086436451878, 0.0006853739017969928, 0.0006538515779539011, 0.000661874505749438, 0.0006533390005643014, 0.0006882520712679252, 0.0006536520450026728, 0.0006744855934812221, 0.0006415163064957596, 0.000639239725569496, 0.0006535711705510039, 0.0006530226943141315, 0.0006654723183601163, 0.0006255213083932176, 0.0006280770852754358, 0.0006515506502182689, 0.00063879528461257, 0.0006291141471592709, 0.0006618619037908502, 0.0006086501023673918, 0.0006405493775673676, 0.0006300250468484591, 0.0006161795063235331, 0.0006245749551453628, 0.0006221400777576491, 0.0006183531018905342, 0.0006192721601109951, 0.0006334103338303976, 0.0006106849104980938, 0.0006075650861021131, 0.0006142150676168967, 0.0006388990732375532, 0.0006093953183153644, 0.0006060714520572219, 0.0006079425758798607, 0.0006148608088551554, 0.0006008012875099667, 0.0006236993147467728, 0.0005953434585535434]}