{"val_loss": [0.05552732075254122, 0.015476722891132036, 0.013370312750339508, 0.013380125475426516, 0.008102771205206713, 0.007460025294373433, 0.005527148799349864, 0.005520465473333995, 0.002674598324423035, 0.002989727072417736, 0.0017765106555695336, 0.0016426261669645708, 0.0013304079572359722, 0.004157447333758076, 0.0015011704138790567, 0.0037388078247507415, 0.0014026823919266462, 0.002306826955949267, 0.0012386863430341084, 0.0009624685432451466, 0.0018461184420933325, 0.0012845857612167795, 0.0011620147464176018, 0.0007061325595714152, 0.0009072400280274451, 0.0008455265585022668, 0.0012099626086031396, 0.0012410050646091502, 0.0007577892586899301, 0.0018864549541225035, 0.001329893129877746, 0.0006742177259487411, 0.0012653189090391, 0.0007808617665432394, 0.000697956905545046, 0.0006525494973175228, 0.0009846882700609665, 0.003612068093692263, 0.0009707835658142964, 0.0009395296801812947, 0.0006744780306083461, 0.0009044019388966262, 0.000830928465196242, 0.0011199281628554065, 0.0009976228660282989, 0.000716831632113705, 0.000870516465511173, 0.000948749075178057, 0.02548086519042651, 0.0007946683908812702, 0.001107064230988423, 0.0008307328486504654, 0.0006038455370192727, 0.0006405326421372592, 0.0006893749814480543, 0.0006623726221732795, 0.0010136433217364054, 0.0006530242778050402, 0.0006576291440675656, 0.0006560177425853908, 0.0006466870739435157, 0.0007386977279869219, 0.0007123904069885612, 0.0007969396926152209, 0.0008879568583021561, 0.0006752850022166967, 0.0006421880874161919, 0.0006207527864413956, 0.0006569690303876996, 0.0006681200078067681, 0.0006642983256218334, 0.0005625909349570671, 0.0006891908124089241, 0.0006527630612254143, 0.0005842824078475436, 0.0005759413276488582, 0.0006847227535520991, 0.000626488394724826, 0.0007520179885129133, 0.0006590263995652398, 0.0006696761314136287, 0.0006890893564559519, 0.0005695886599520842, 0.0005826798539298276, 0.0007912489430358013, 0.0008128823634857932, 0.0006891598847384254, 0.0005774165038019419, 0.0007455010781995952, 0.0013488664602239926, 0.0007743550231680274, 0.0005756426641407112, 0.0005744188480700055, 0.000643863653143247, 0.00092919054441154, 0.000619123379389445, 0.0006811428271854917, 0.0005756618920713663, 0.0005941658940476676, 0.0006904486023510495], "loss": [0.1311057384469007, 0.04562613171966452, 0.02661357888657796, 0.017118560101248716, 0.012630574674786706, 0.007641512189844721, 0.005375778216770605, 0.003824248346255014, 0.002818332151754906, 0.0025007744981466154, 0.002100406612857784, 0.0018826194511922566, 0.001541447311051582, 0.0017093814676627517, 0.00129769831332133, 0.0015194752088159714, 0.0012201410258728031, 0.001458087200789075, 0.0011737411627300868, 0.0011908607159153018, 0.0011848432661377285, 0.0010343897309595424, 0.0010234283399768174, 0.001003158787314437, 0.001042997724940314, 0.0009150988097596718, 0.0008965070898595609, 0.0009758984608771769, 0.0008817302234666912, 0.0009660886962113804, 0.0008738290022225364, 0.0008645332969823166, 0.0008112200946351024, 0.0007824044288626235, 0.0008021990805374164, 0.0008135975405916964, 0.0007856395156857999, 0.0008047700271402535, 0.0008846757639395563, 0.0006935351595625674, 0.0007684043406410829, 0.0007679411424569002, 0.0007571734083620342, 0.0007349187446954219, 0.0007039775189600492, 0.0006978481481047837, 0.0006676422061374117, 0.0006925608368443424, 0.000683877411862149, 0.000718220939712697, 0.0006413765858221603, 0.0007229938177931073, 0.0006779174053869946, 0.0006784544951331458, 0.0006692931010069227, 0.000687911360536849, 0.0006744004311162586, 0.0006900614596241595, 0.0006020862753135397, 0.0006324896990248051, 0.000686430954374373, 0.0006386960816790202, 0.0006536896337485431, 0.0006332137180786384, 0.0006057131854743746, 0.0006382242794834861, 0.0006312550517338279, 0.0006339685948516585, 0.0006286886851548365, 0.0006104805782486341, 0.0005882182648699535, 0.0006199005277410738, 0.0006117473929311688, 0.0005617663754444374, 0.0006402440715311585, 0.0005725778694460658, 0.0006237313730372606, 0.0005544427580102102, 0.0005612411217665986, 0.0005948686923243498, 0.0005679062328693506, 0.0005527998636305137, 0.0005832066312187204, 0.0005906290285852983, 0.0005793051402035513, 0.0005671264998933399, 0.0005538538358737959, 0.0005696135187080424, 0.0005557566948578154, 0.0005582676232351284, 0.000549563019855046, 0.0005785540530556126, 0.0005634637047095518, 0.0005331067965782591, 0.0005569463920485424, 0.00056426235670714, 0.0005290086157497411, 0.0005308708136190513, 0.0005638372983268805, 0.000560644706159732]}