{"val_loss": [0.14807834724585214, 0.09215058137973149, 0.09185847888390224, 0.06524232029914856, 0.0992483248313268, 0.22925741970539093, 0.050336932142575584, 0.022245215872923534, 0.03453712537884712, 0.017106553850074608, 0.021346040070056915, 0.01580851711332798, 0.014489139740665754, 0.01634848614533742, 0.014889722069104513, 0.015893959440290928, 0.015312527927259604, 0.015418360630671183, 0.015730443100134533, 0.01592959153155486, 0.015881171450018883, 0.01570570282638073, 0.014933275369306406, 0.01618722267448902, 0.015673628076910973, 0.01582132652401924, 0.01526579074561596, 0.015704053454101086, 0.015748641453683376, 0.015938501805067062, 0.015581031329929829, 0.015080727636814117, 0.015169900531570116, 0.016476830157140892, 0.015548064994315306, 0.016387847252190113, 0.016808413279553253, 0.019080225378274918, 0.017088509164750576, 0.01569532509893179, 0.01618945722778638, 0.016778213282426197, 0.016917646241684754, 0.016467243743439514, 0.01604893368979295, 0.016317705623805523, 0.015653873483339947, 0.015342392648259798, 0.01624739666779836, 0.016155908815562725, 0.016486197089155514, 0.017117929955323536, 0.016308196509877842, 0.015779878323276837, 0.015585008077323437, 0.015791266846160095, 0.016246502598126728, 0.016781565733253956, 0.016451881267130375, 0.01624642809232076, 0.016263823645810287, 0.01675431802868843, 0.016441940950850647, 0.015739487173656624, 0.016174915867547195, 0.01616848601649205, 0.01584178985406955, 0.015427681927879652, 0.015534580995639166, 0.016108290602763493, 0.015436944862206778, 0.01550530456006527, 0.015896869512895744, 0.015479968550304571, 0.015654954438408215, 0.015757746684054535, 0.015487915525833765, 0.015339690881470839, 0.015468914993107319, 0.015457738811771074, 0.015515041848023733, 0.015523366630077362, 0.015445212523142496, 0.015524092440803846, 0.015442028641700745, 0.015506623002390066, 0.015470697854955992, 0.015476829061905542, 0.015157875915368399, 0.01530645601451397, 0.015331307426095009, 0.01531476496408383, 0.015332677712043127, 0.015367725243171057, 0.015391347308953604, 0.015331157793601355, 0.01516102347522974, 0.015464058766762415, 0.015443861484527588, 0.01532331295311451], "loss": [0.2567638354866128, 0.21277483670335068, 0.17797295043342992, 0.1458275373044767, 0.11661444055406671, 0.09088237191501417, 0.07019228213711788, 0.053395034843369535, 0.04028146851219629, 0.030419180267735532, 0.024145402602459256, 0.019987082991160844, 0.017390239150508455, 0.015784326744707006, 0.01491400957303612, 0.014449164075286765, 0.014201402811235503, 0.014053867982798502, 0.013916714312998872, 0.013797315670863577, 0.013690513068516003, 0.013558474663448962, 0.013411989925723327, 0.013360045213056239, 0.01333177565155845, 0.013261448003743825, 0.013207412667964635, 0.013119798006587908, 0.013072537650403223, 0.013043962173948162, 0.013013478760656557, 0.012978348243785532, 0.012908458268563999, 0.012851420937007979, 0.012859872101168884, 0.012823169168673064, 0.012781609634035513, 0.012753310319232313, 0.012786453834881908, 0.012750968827228797, 0.012728549981195676, 0.012757689888147931, 0.012738213335212908, 0.012722523049696496, 0.012744766807085589, 0.01274426649079511, 0.01272206841722915, 0.01274301449915296, 0.012710110235371087, 0.012711418253418646, 0.012697017751634121, 0.012701885823748614, 0.0126922528602575, 0.012695740908384323, 0.012704708270336451, 0.01268722342425271, 0.012662281625364957, 0.012668057786006676, 0.012648703040261017, 0.012679185963382847, 0.01267273562323106, 0.012700457174919154, 0.012677515856921673, 0.012684463278243416, 0.012672667293564269, 0.012667368705335417, 0.012668960727751255, 0.012680186644980782, 0.012681650389966211, 0.012683887475807416, 0.012670171937268031, 0.012683490634356675, 0.012682660482823849, 0.012674612973473574, 0.012675532139837742, 0.012663350587612704, 0.012669795535896955, 0.01265368193976189, 0.012657363604950277, 0.012627572164331613, 0.012665215928695704, 0.012669171059602186, 0.012664948737150744, 0.012664723602172575, 0.012686754870963724, 0.012688973673472279, 0.012662815812386964, 0.012688072104203073, 0.012676897752833994, 0.012642341322804751, 0.01266188037238623, 0.01270180607312604, 0.012671101936384252, 0.012697147744658747, 0.012694149229087327, 0.012666314007028154, 0.012685933738554778, 0.012693770867037145, 0.012692097427421495, 0.012690827446548562]}