{"val_loss": [0.10684338063001633, 0.05589537918567657, 0.04686085507273674, 0.03543722480535507, 0.00998070314526558, 0.14021534025669097, 0.08081363141536713, 0.008823544345796108, 0.018713267520070076, 0.2096926152706146, 0.03535468503832817, 0.007374366093426943, 0.013839118462055922, 0.0063461710698902605, 0.006295894738286734, 0.0066820158623158935, 0.014813573472201825, 0.007492600753903389, 0.010249330010265113, 0.0051275173667818304, 0.0044788647908717396, 0.005212909169495105, 0.00662557827308774, 0.004706999380141496, 0.008476873580366372, 0.01208232855424285, 0.007254837546497583, 0.0061104791238904, 0.0051544595044106245, 0.0060193614102900025, 0.007233620807528496, 0.00580200320109725, 0.01142115443944931, 0.006729362066835165, 0.006763768009841442, 0.016452955454587935, 0.01294681429862976, 0.006102244928479194, 0.011430167965590954, 0.0062311413697898384, 0.007251153327524662, 0.008490772731602193, 0.005917438212782145, 0.0057832195423543455, 0.0058131726458668705, 0.006079406104981899, 0.005158723331987858, 0.005588613264262676, 0.005782829597592354, 0.006012209597975016, 0.006006580870598554, 0.009027351345866918, 0.0068888652138412, 0.006134746689349413, 0.00648243548348546, 0.006087450310587883, 0.006947977468371391, 0.006388675328344107, 0.006571998074650765, 0.005723619740456343, 0.007305770181119442, 0.005771258752793074, 0.006172963138669729, 0.006770977005362511, 0.008029012754559518, 0.006761759519577026, 0.013422239292412996, 0.008793194312602282, 0.005817085318267345, 0.006803405284881592, 0.006479226239025593, 0.008239442482590675, 0.00657102856785059, 0.007108372822403908, 0.009377993736416101, 0.007287991885095835, 0.008313719462603331, 0.010346886236220598, 0.0076879472471773624, 0.005770156159996986, 0.008488412015140057, 0.009244868066161871, 0.007296080980449915, 0.0076494522392749785, 0.008256338443607092, 0.00897785061970353, 0.006587974447757006, 0.007043878640979528, 0.008751680422574282, 0.017536372877657413, 0.023827513866126537, 0.015345444716513158, 0.018043601885437965, 0.013706962857395411, 0.008109414111822843, 0.006637479644268751, 0.007183830346912145, 0.008240489661693573, 0.00744224339723587, 0.007292319089174271], "loss": [0.21335161663591862, 0.1273920966312289, 0.06870449790731073, 0.03504809811711311, 0.02002699878066778, 0.014727800874970854, 0.01297386058140546, 0.012242134800180793, 0.011577612045221031, 0.010712030774448067, 0.009752697322983294, 0.009211313526611776, 0.008704105135984718, 0.008308985421899706, 0.007962433493230493, 0.007562025357037783, 0.006745089532341808, 0.006325126753654331, 0.005938500678166747, 0.005921883718110621, 0.0057656765449792145, 0.00573910993989557, 0.006127443339210004, 0.005728210916277021, 0.005617263726890087, 0.00555164614925161, 0.005623864126391709, 0.005510037648491561, 0.005443681951146573, 0.005498872231692075, 0.005363097891677171, 0.0054878229973837735, 0.005656555225141346, 0.005369558942038566, 0.005311794974841177, 0.005267142102820799, 0.005288049124646932, 0.005234258517157286, 0.00529964238521643, 0.005171547451755032, 0.005146111897192896, 0.005133662722073495, 0.005136830866103992, 0.005048786278348416, 0.005109942617127672, 0.00503517643082887, 0.0049694760411512105, 0.0049555710924323645, 0.004905487259384245, 0.004929387063020841, 0.004824763379292563, 0.004920328262960539, 0.004880065773613751, 0.00490254404139705, 0.0048384735826402904, 0.004758790472988039, 0.004810347710736096, 0.004814516985788941, 0.0047955781687051054, 0.00482048059348017, 0.004722491919528693, 0.004669267643475905, 0.0046829123341012744, 0.004676395433489233, 0.00462336209602654, 0.004744934674818069, 0.0047661070711910725, 0.004574824427254498, 0.004499473824398592, 0.004533479455858469, 0.004661897517507896, 0.004544257023371756, 0.00452276123687625, 0.004542176431277767, 0.004571541852783412, 0.004590692865895108, 0.004621325171319768, 0.00469391361111775, 0.0046284209936857225, 0.004606931650778278, 0.004483321297448129, 0.004391840839525684, 0.004443178174551576, 0.004387249366845936, 0.0043851527501828965, 0.004404478979995474, 0.0044646277034189556, 0.004375855647958815, 0.0043859609926585105, 0.004346496454672888, 0.0043866904976312075, 0.004363505850778893, 0.004331676219590008, 0.0043956132140010595, 0.004323587298858911, 0.0043995267304126175, 0.004388985864352435, 0.00450593915884383, 0.004366517718881369, 0.004354671068722382]}