{"val_loss": [0.17072504262129465, 0.12303243577480316, 0.08214482168356578, 0.08352442334095637, 0.038712543745835624, 0.02153990666071574, 0.019938180223107338, 0.01911721316476663, 0.016077968291938305, 0.014946447995801767, 0.015313543689747652, 0.014134265792866548, 0.015419424821933111, 0.01587003127982219, 0.015962224453687668, 0.015913002813855808, 0.015669648845990498, 0.016012540087103844, 0.016854692871371906, 0.016945705749094486, 0.016184003713230293, 0.015159002505242825, 0.01603803349037965, 0.016190375201404095, 0.01614032592624426, 0.015466243339081606, 0.015233489063878855, 0.015522640819350878, 0.01606578752398491, 0.016020983457565308, 0.016376301646232605, 0.015925796702504158, 0.015465201189120611, 0.01578298583626747, 0.01624451329310735, 0.016610759931306045, 0.018734338382879894, 0.01977153370777766, 0.018319023152192433, 0.02470683865249157, 0.020068592702349026, 0.01970880540708701, 0.016542272952695686, 0.017038243201871712, 0.01820981130003929, 0.017508089542388916, 0.016751735471189022, 0.01927680956820647, 0.01709195226430893, 0.016239801421761513, 0.016051078215241432, 0.01613194216042757, 0.015802306743959587, 0.01617707560459773, 0.01635895638416211, 0.016748687252402306, 0.01740075834095478, 0.016034503467381, 0.01675946203370889, 0.016484843877454598, 0.01671935214350621, 0.01656936916212241, 0.015937179947892826, 0.016162783838808537, 0.016112665335337322, 0.016282848082482815, 0.016276989753047626, 0.016455238064130146, 0.01782441201309363, 0.01644608626763026, 0.015901656821370125, 0.015761799179017544, 0.016288881190121174, 0.01629755428681771, 0.016372894557813805, 0.016330248365799587, 0.016211905827124912, 0.015990903911491234, 0.016096822917461395, 0.016008727562924225, 0.01539868644128243, 0.015115289638439814, 0.017566664144396782, 0.016768778053422768, 0.014760731408993403, 0.01570876066883405, 0.01586812889824311, 0.015192434812585512, 0.014925071659187475, 0.014422348079582056, 0.014728497713804245, 0.015046200715005398, 0.014172960072755814, 0.014728927984833717, 0.016438421482841175, 0.016393714894851048, 0.016362255439162254, 0.016363490372896194, 0.016068389328817528, 0.01604275902112325], "loss": [0.2543249577283859, 0.21240238923775523, 0.17796865105628967, 0.14631548680757223, 0.11794292260157435, 0.09292653242224141, 0.07220638151231565, 0.05499671850549547, 0.04180782778482688, 0.03185468882714447, 0.025020736710805642, 0.020623113175756054, 0.017787332009328038, 0.016069498991495686, 0.015106786924757455, 0.014598944763603964, 0.014331819734683162, 0.014134100050126252, 0.014004943892359734, 0.01387314787624698, 0.01376322210815392, 0.01357656942778512, 0.013509104420479975, 0.013399207474369752, 0.013301186900781957, 0.013218950676290612, 0.013127139524409645, 0.013074738904833794, 0.01298676342948487, 0.012935900227411798, 0.01293928568300448, 0.012908040692931727, 0.012885604102752711, 0.012832481904249442, 0.0127523325775799, 0.012750847608243165, 0.012678472080120915, 0.012731501538502542, 0.012742030875463235, 0.012699935144107593, 0.012668278803558726, 0.012682756016913214, 0.012641879925994496, 0.012622586647538762, 0.012625533107079957, 0.012604721821844578, 0.012617067482910659, 0.012591927851501265, 0.012575018219649792, 0.012575309086394938, 0.01255340560486442, 0.012554609559868512, 0.012569968980786047, 0.012525547638927636, 0.012547769975897512, 0.01251039649114797, 0.012510402422202261, 0.012509732507169247, 0.012487143131071016, 0.012509841422893499, 0.012472314465987054, 0.01243498431224572, 0.012531265518382975, 0.012499846272954815, 0.01251251505393731, 0.012484428472816944, 0.012530488403219926, 0.012544591617035238, 0.012523764254231202, 0.012548683946462054, 0.012589667090459875, 0.012631784144200776, 0.01257293641959366, 0.012593543402066356, 0.012614089505452859, 0.012609662684170823, 0.012634091373336943, 0.012625584918025293, 0.012630530829100232, 0.012639702444798067, 0.01258056909826241, 0.012543656422119392, 0.012511350116447398, 0.012503959483614093, 0.012499840145832613, 0.012491032775295409, 0.012477719764176168, 0.012495199022324462, 0.012499626627878138, 0.012550435715207928, 0.012531947393558528, 0.012502314964015233, 0.012461673468351364, 0.012542224391118476, 0.012503118548346194, 0.01251462312709344, 0.012550077057982745, 0.012568233779778606, 0.012582558550332723, 0.012545184183277582]}