{"val_loss": [0.10163640528917313, 0.05018656030297279, 0.04051018431782723, 0.014109927788376808, 0.009082984179258347, 0.07643610537052155, 0.36164522767066953, 0.21951750814914703, 0.045832748711109164, 0.022742537781596184, 0.03305640257894993, 0.012698010541498661, 0.014364435337483883, 0.06156075969338417, 0.02775565944612026, 0.06453530862927437, 0.05074523240327835, 0.0176473218947649, 0.016591781750321388, 0.010907686594873667, 0.008963985741138459, 0.008744817972183228, 0.014059863612055778, 0.006997582595795393, 0.004932114994153381, 0.008632304146885872, 0.010033383499830961, 0.006506826588883996, 0.004760650033131242, 0.0074788749683648344, 0.005746803665533662, 0.005625321855768561, 0.013807657454162837, 0.012213412206619978, 0.006389893498271704, 0.008209244534373283, 0.0043871265836060045, 0.008888204209506511, 0.016718978621065618, 0.03255765624344349, 0.024851076677441596, 0.03630500100553036, 0.01271566953510046, 0.0052067537792026995, 0.004429031629115343, 0.004679765924811364, 0.004795725271105766, 0.005256266333162785, 0.005196199100464582, 0.0047487705945968624, 0.010797717049717903, 0.004426240548491478, 0.006629787944257259, 0.008485384285449982, 0.006304938578978181, 0.009122081007808447, 0.0053664157167077065, 0.0056607028469443325, 0.005517903342843055, 0.0057134140282869336, 0.016137556359171867, 0.008850998524576426, 0.010860584303736686, 0.00738434586673975, 0.005547295045107603, 0.005148069653660059, 0.004767623823136091, 0.004692328441888094, 0.004742165561765432, 0.00508852400816977, 0.005972194299101829, 0.005995714943856001, 0.007248743902891874, 0.0075707266107201574, 0.00522302994504571, 0.004448262229561806, 0.012024716008454561, 0.005112942308187485, 0.006775515619665384, 0.004880505474284291, 0.006224143598228693, 0.006774403527379036, 0.006893175607547164, 0.006102518178522587, 0.005994986742734909, 0.006412519793957472, 0.01267966078594327, 0.03386216051876545, 0.01851396672427654, 0.01115680681541562, 0.008928827941417694, 0.007742196880280971, 0.01038282858207822, 0.008892436977475882, 0.0148349329829216, 0.012264459766447544, 0.011695615388453007, 0.008115233108401298, 0.007345158513635397, 0.006338502559810877], "loss": [0.21054564118385316, 0.12719726674258708, 0.06884241001680494, 0.03480493514798581, 0.019768176949582994, 0.014492552098818123, 0.012885840097442269, 0.01184810169506818, 0.010995315643958748, 0.0101543442113325, 0.009675510053057224, 0.009383123088628053, 0.009218762314412743, 0.008894892991520464, 0.008564775448758156, 0.008228985022287815, 0.008028866222593934, 0.007563679676968605, 0.00700602320721373, 0.006409299187362194, 0.005785125505644828, 0.005526433268096298, 0.005274065991397947, 0.005117069400148467, 0.005009572929702699, 0.005002113489899785, 0.004860178125090897, 0.004769693734124303, 0.004890456341672689, 0.004713744285982102, 0.00486816635238938, 0.004723553446820006, 0.004681567457737401, 0.004648977128090337, 0.004568187106633559, 0.004495211539324373, 0.0044543927302584056, 0.004461320920381695, 0.00442688834737055, 0.004374076455133036, 0.004319752176525071, 0.004350461484864354, 0.004312818415928632, 0.0043021261342801155, 0.004251178656704724, 0.004213123756926507, 0.004216224601259455, 0.004080001293914393, 0.004077604366466403, 0.003975545876892283, 0.003956972999731079, 0.0039454662182834, 0.0039524678199086335, 0.003938274085521698, 0.0038724302081391214, 0.0038769967446569352, 0.003815798443974927, 0.003922946751117706, 0.0038626889581792057, 0.003733844356611371, 0.003779936017235741, 0.0037484383152332156, 0.0038246146461460738, 0.003717892576241866, 0.0037187874026130886, 0.0036988968262448908, 0.003777138434816152, 0.0036835962848272173, 0.0037069728423375636, 0.0036397384945303203, 0.0037182804895564913, 0.0035999896470457317, 0.0036228515324182808, 0.0036553068086504934, 0.003683531528804451, 0.003631798701826483, 0.003671553585445508, 0.0036358749261125923, 0.0035997210536152123, 0.003550979495048523, 0.0036417144583538175, 0.003646016091806814, 0.003617897169897333, 0.0036740318057127295, 0.0036409024032764137, 0.0036331495153717696, 0.0036873860110063104, 0.003604795871069655, 0.0035983330046292393, 0.003532478812849149, 0.0036123753990978, 0.00349974962300621, 0.0036001298693008723, 0.0036244293267372997, 0.003593101789010689, 0.0035953593091107906, 0.0035784828069154173, 0.003618316090432927, 0.0035295409383252264, 0.003549442579969764]}