{"val_loss": [0.10127833982308705, 0.027971511085828144, 0.027614163234829903, 0.011342416206995646, 0.00922429763401548, 0.009546450339257717, 0.007076353766024113, 0.007847400692602, 0.0061112552260359125, 0.0051926855618755026, 0.006232464996476968, 0.004870408835510413, 0.004290078300982714, 0.00396524944032232, 0.0036003708373755217, 0.003304784574235479, 0.00323291999908785, 0.002920521656051278, 0.002351646854852637, 0.002428996997574965, 0.0014427065228422482, 0.0010376550296011071, 0.0009855111711658537, 0.0015689317757884662, 0.0008993262502675256, 0.0012630721321329474, 0.0008565553386385242, 0.0007786588200057546, 0.0008589421437742809, 0.0030706215960284076, 0.0007884067017585039, 0.0008409287547692657, 0.001196046049396197, 0.0007000261878905197, 0.0012289922839651506, 0.0007362643567224344, 0.0007723207236267626, 0.0010339522074597578, 0.0010115700812699895, 0.0007686392054893076, 0.0013035267669086654, 0.000880290986970067, 0.0008296025334857404, 0.000679589710974445, 0.0006761970386529962, 0.0007201854217176636, 0.0006698173626015583, 0.0007089472686251005, 0.0007023087819106877, 0.0007365247195897003, 0.0006214260550526282, 0.0010125541205828388, 0.0007500819435032705, 0.0006519757055987915, 0.0006974712014198303, 0.0011284704863404234, 0.000646057208844771, 0.000635438501679649, 0.000630442809779197, 0.000680082303006202, 0.0007803230352389315, 0.0007634208886884153, 0.0006435173369633654, 0.0010929124352211754, 0.0006775917718186975, 0.0008536310827669998, 0.0007159711288598677, 0.0006059928758380314, 0.0008411955204792321, 0.0007709379230315486, 0.0006237151683308184, 0.000672967677625517, 0.0006993413941624264, 0.0007051605886469284, 0.0006539122744773825, 0.0006040126512137552, 0.0006601084799816211, 0.000738199237578859, 0.000581658484103779, 0.0008778610111524662, 0.0006085675753032168, 0.00083396106492728, 0.0005664697770650188, 0.0005957153625786304, 0.0010860542145868142, 0.0006285737423847119, 0.0005917108695333203, 0.000566476994814972, 0.0006098730179170767, 0.0006339520526429018, 0.0005778680788353086, 0.0005953072492654125, 0.0006764451779114703, 0.0005903749261051416, 0.000871225434821099, 0.0006126066631016632, 0.0006066615848491589, 0.0006248371598000327, 0.0005808488931506872, 0.0007673831811795632], "loss": [0.19558443207489817, 0.08319877637060065, 0.04809933508697309, 0.0313603451573535, 0.021567628032674913, 0.013297058592893575, 0.009268476456207665, 0.0052547870375412075, 0.003704062981629058, 0.002928805292436951, 0.002392987696159827, 0.0021345253274040786, 0.001938142237792674, 0.0018419985242776181, 0.0016979466584560118, 0.0015541429533378075, 0.0015866938047111034, 0.001372858863569012, 0.001306516090775595, 0.0012482721603622562, 0.0013201897565618549, 0.0012219314414419625, 0.0011412735329940915, 0.0011554407384736759, 0.001065473256044482, 0.0010876151898532715, 0.0010152267457574215, 0.0009963403602964, 0.0010523626513436045, 0.0010504432138986886, 0.0009199879622380985, 0.0009913082007857923, 0.0009294182343996669, 0.0009954454879717606, 0.0008577380304862009, 0.0008786136259962069, 0.0008883001007090666, 0.0008773855485120102, 0.0007831860750325417, 0.0007993797189556062, 0.0007649737526662648, 0.0008612623756849452, 0.0007741829490681228, 0.0007196771422106968, 0.0007641694085721515, 0.0008011127877245216, 0.0007205119687377623, 0.000786811235899988, 0.0007906802010869509, 0.0006748989935180074, 0.0007367103887525829, 0.0007235760200082472, 0.0007559030721160142, 0.0007068983426219539, 0.0006984109273425451, 0.0007577313471732563, 0.0007490091313804058, 0.0007284345368756668, 0.0006776802934167025, 0.0007293779421352634, 0.0006928143189533761, 0.0006620833775837367, 0.0007069918654834558, 0.0006842519934779327, 0.0006747916172332081, 0.000688087902840619, 0.0007031578800371406, 0.0006772528194185151, 0.0006556623664341475, 0.0007182052343667142, 0.0006601141434849092, 0.0006760551937316594, 0.0006854485836811364, 0.0006268431377401086, 0.0006522457375754847, 0.0006919004219143014, 0.0006574384797683084, 0.0006504041099871852, 0.0006749869269122811, 0.0006438473968668596, 0.0006401775631514427, 0.0006561805677943324, 0.0006456057507373197, 0.0006703624844943222, 0.000635959961647658, 0.0006650455317484509, 0.000660190930112118, 0.0006053537455093311, 0.0006460164823740916, 0.0006344792935507078, 0.0006173980164978849, 0.0006582732741279822, 0.0006454360723421958, 0.00063138450710348, 0.0005662167999329732, 0.0006761570801149661, 0.0005867644029326345, 0.0006241131938479253, 0.0006310045428108424, 0.0006072748173640943]}