{"val_loss": [0.057994911819696425, 0.03370794951915741, 0.03521912321448326, 0.02158934101462364, 0.015171020291745663, 0.014118886180222034, 0.04188527539372444, 0.02849279120564461, 0.05869893878698349, 0.1661963790655136, 0.05276735052466393, 0.020969309285283087, 0.010194047819823027, 0.014136175625026226, 0.008323388546705246, 0.004966153670102358, 0.005342167289927602, 0.004575973423197865, 0.0056289488449692724, 0.006638488825410604, 0.005385412462055683, 0.0068208974786102775, 0.0015581235056743026, 0.003728065500035882, 0.004121582256630063, 0.005671745724976062, 0.003698951192200184, 0.005977661348879337, 0.001687576691620052, 0.003516220999881625, 0.002900410909205675, 0.0010187788750045002, 0.0034551148302853106, 0.0018956618150696158, 0.0012901651673018933, 0.0014800511067733168, 0.002858586935326457, 0.0009452273952774704, 0.0009129925165325403, 0.0008053103811107576, 0.0006551650818437338, 0.000682990625500679, 0.0012489665299654008, 0.0007604132289998234, 0.0005801245220936835, 0.00130679567810148, 0.0034708475694060327, 0.0013820400461554527, 0.0011667582439258695, 0.0012432109331712126, 0.0012405903544276953, 0.001667982805520296, 0.0006169355125166476, 0.0007100044167600572, 0.0008714838069863618, 0.0007697500172071159, 0.001180767291225493, 0.0006561450893059373, 0.0005397842673119157, 0.0009795768884941936, 0.0005440459295641631, 0.0023168767336755993, 0.0009535473422147333, 0.0005800150043796748, 0.000589192530605942, 0.0020586667116731404, 0.0007758222986012697, 0.0008094225660897792, 0.0010331977740861476, 0.0006515777437016368, 0.000937708537094295, 0.0006790194311179221, 0.0005931279505603015, 0.000627505942247808, 0.0006180967669934034, 0.0011586589505895972, 0.0008993232273496688, 0.0010169215034693479, 0.0006736363167874515, 0.0010229623061604799, 0.0009859904763288795, 0.0008948470349423587, 0.0005087502591777593, 0.000862073025200516, 0.0006015830906108022, 0.0009039476397447288, 0.0007183834328316152, 0.0010838191374205053, 0.000586229981854558, 0.0005980098154395819, 0.0006118837685789913, 0.0019967762054875493, 0.0009283053805120289, 0.0005546581814996898, 0.0008478843490593135, 0.0005743809451814741, 0.0010748838540166616, 0.0005550700472667814, 0.0006336769787594676, 0.0006225903634913266], "loss": [0.14483952336013317, 0.04841236053034663, 0.02836023811250925, 0.015386626403778792, 0.008625592500902713, 0.0026651540567399932, 0.00168845395965036, 0.0012975246499991044, 0.0011790244039730168, 0.0010673322627553715, 0.0009137134315096773, 0.0008396650548093021, 0.0007950409388286061, 0.000801069862791337, 0.000696089600387495, 0.0007486948743462563, 0.0007131417209166102, 0.0006881260575028137, 0.0006722068581439089, 0.0006662633997621015, 0.0006493644497822971, 0.0006426626794564072, 0.0006490270017820877, 0.0006299236039922107, 0.0006099277728935703, 0.0006127077227574773, 0.0006149293381895405, 0.0006182305864058435, 0.0006052207158063538, 0.0005941522038483526, 0.0005928967621002812, 0.0005966810771496966, 0.0005809734757349361, 0.0005971926155325491, 0.0005656629873556085, 0.0005892260531254578, 0.0005615256493911147, 0.000567155379394535, 0.0005640364113787654, 0.0005498915823409333, 0.0005446222741738894, 0.0005618436363874935, 0.0005623780831228942, 0.0005430937599157915, 0.0005573303700657561, 0.0005377614106691908, 0.0005487247013661545, 0.0005293749803968239, 0.0005272488349874038, 0.0005193083285121247, 0.0005348438484361395, 0.0005418068933067844, 0.0005304776976117864, 0.0005251123431662564, 0.0005085688448161818, 0.0005198496095545124, 0.0005355080327717587, 0.0005050746302003972, 0.0005113922779855784, 0.0004987769221770577, 0.000518960024783155, 0.0005129756769747474, 0.0005034435154811945, 0.0005197413927817251, 0.0005161464599950705, 0.0005047030950663612, 0.0005034026493376586, 0.0004930428840452805, 0.0005034507397795096, 0.0004916767044051085, 0.0005050710409705061, 0.0005091780338261742, 0.0004866555515036453, 0.0004967841778125148, 0.0005025987513363362, 0.000492763703368837, 0.000495485605642898, 0.0004906031739665195, 0.0004933828742650804, 0.0004970901543856598, 0.0004944579195580445, 0.0004893337652902118, 0.000478956253209617, 0.000492559314443497, 0.0004977236829290632, 0.000477427684381837, 0.0004814602209080476, 0.0004882326684310101, 0.0004806041339179501, 0.0004853626523981802, 0.000485520985967014, 0.0005316914306604303, 0.0004737356095574796, 0.000489636655402137, 0.0004616266320226714, 0.00047822348205954767, 0.0004886063099547755, 0.00047517963976133614, 0.0004778629052452743, 0.00047027242399053646]}