{"val_loss": [0.03929249905049801, 0.010847015492618083, 0.005935491714626551, 0.005696180835366249, 0.005546025326475501, 0.002894816780462861, 0.0035491385497152805, 0.0014244962250813842, 0.0025457374285906553, 0.0011467885109595955, 0.0008286542142741382, 0.001700814999639988, 0.0007173616671934724, 0.000903666962403804, 0.0010537737281993032, 0.0008223348995670676, 0.0006528818979859352, 0.0006005521048791706, 0.0009960078750737011, 0.0006127966335043311, 0.000793282501399517, 0.0006118154269643128, 0.0006795010063797236, 0.0005950523656792939, 0.0006532408064231276, 0.0005744889553170651, 0.0006949068512767554, 0.0012120262254029512, 0.000580272200750187, 0.0005693337589036673, 0.0005890692467801273, 0.0005951968370936811, 0.0006924622342921793, 0.0014396960381418467, 0.0006049745192285627, 0.0005459934240207076, 0.0006343203596770764, 0.0005492052529007197, 0.0005657963338308036, 0.0005627321836072952, 0.000565614562947303, 0.00057389359571971, 0.0007940607378259301, 0.0005803352862130851, 0.0006004214519634843, 0.0005977047723717988, 0.0007956153014674783, 0.0005768059170804917, 0.0005509511625859887, 0.000572423986159265, 0.0005456989631056786, 0.0008299971697852016, 0.0006853030063211918, 0.0007169263786636293, 0.0005634362169075757, 0.0005282826139591634, 0.0007789945928379893, 0.0005270139838103205, 0.0006078423873987048, 0.0005888414510991424, 0.0005709768855012953, 0.0005755549937020987, 0.0007312143337912857, 0.0007387755787931383, 0.0005863321479409933, 0.0005274271476082504, 0.0006748557789251208, 0.000629633222706616, 0.0005198644706979394, 0.0005770785617642104, 0.0005215249431785196, 0.0005235237709712237, 0.0005196922633331269, 0.0006556917214766145, 0.0006200447329320014, 0.0005670752667356283, 0.0005800146609544754, 0.0005641519033815712, 0.0008988683694042265, 0.0005261604848783464, 0.000569824397098273, 0.0005199887382332236, 0.00052680698572658, 0.0005266475898679345, 0.0005896354909054935, 0.0005259165074676276, 0.0005206979229114949, 0.000591728207655251, 0.0005404944065958261, 0.0005517127923667431, 0.0005539768491871655, 0.0005454463942442089, 0.0005267559143248945, 0.0005459619336761534, 0.0005141672561876475, 0.0005122502509038896, 0.0005252520204521716, 0.0006013166042976081, 0.0005957802524790168, 0.0005846402316819876], "loss": [0.12745365099981426, 0.02868894222192466, 0.011806712462566793, 0.004955651640193537, 0.0026354881847510114, 0.0021832164929946885, 0.001744168481673114, 0.0015534354199189693, 0.0013846407775417902, 0.0012459907316952012, 0.0011572431525564753, 0.0010486172322998755, 0.000982339911570307, 0.0009445940537261777, 0.0008951118434197269, 0.0007909559208201244, 0.0008237053189077415, 0.0007955726934596897, 0.0007506408481276594, 0.000732308454462327, 0.0007453042868291959, 0.0007633367866219487, 0.0007103453513991554, 0.000720455517875962, 0.0007139285298762843, 0.0007152000267524272, 0.0006900274085637648, 0.0007000102661550045, 0.0006830476500908844, 0.0006666041786957067, 0.0006654248507402371, 0.0006974047675612383, 0.0006581948910024948, 0.0006730160843289923, 0.0006594186925212853, 0.0006564880626683589, 0.0006363705702824518, 0.0006399734927981626, 0.0006211332780367229, 0.0006443089921958744, 0.0006491863707196899, 0.0006433065398596227, 0.000633384108368773, 0.0006354098113661166, 0.0006037448853021488, 0.0006165661026898306, 0.0006465737838880159, 0.0006009394623106345, 0.0005935953493462875, 0.0005993820923322346, 0.0006007754236634355, 0.0006116406599176117, 0.0005985148913168814, 0.0005898384275496938, 0.0005795002944068983, 0.0005702291171473916, 0.0005968693461909424, 0.0005836418742546812, 0.0005765820831584278, 0.0005957081310043577, 0.0005933703672781121, 0.0005683145463990513, 0.0005930506355070975, 0.0005795622389996424, 0.0005718711443478241, 0.000585472735838266, 0.0005595218724920414, 0.0005549727226025425, 0.0005521985731320456, 0.0005592023197095841, 0.0005678448243997992, 0.0005507274276169482, 0.0005408645738498308, 0.000563837754452834, 0.0005476773592818062, 0.0005572084795858245, 0.0005434151164081414, 0.000551834099314874, 0.0005398589528340381, 0.0005569065564486664, 0.0005278839125821833, 0.0005479547384311445, 0.000530747756420169, 0.0005319348587363492, 0.0005495631528901867, 0.0005253198738500942, 0.0005318554693076293, 0.0005245034306426532, 0.00052737130317837, 0.00054005732818041, 0.0005465625508804806, 0.0005200898369366769, 0.0005099458212498575, 0.0005294959752063733, 0.0005212900730839464, 0.0005315782924299129, 0.0005215849734668155, 0.0005257472716039046, 0.0005070718143542763, 0.0005333028195309453]}