{"val_loss": [0.03779955084125201, 0.0173788337657849, 0.014425655206044516, 0.008785592547307411, 0.005654147670914729, 0.005785362950215737, 0.004212100446845095, 0.0040351255641629296, 0.004285530730461081, 0.019013449549674988, 0.0023874315277983746, 0.0022743201116099954, 0.002565140680720409, 0.4058043460051219, 0.0018311718401188652, 0.018780728181203205, 0.20679032802581787, 0.42572473486264545, 0.46377797921498615, 0.003505104221403599, 0.0011928175032759707, 0.0014366869969914358, 0.0015341131947934628, 0.0014942988830929, 0.00269786004597942, 0.0015609378072743614, 0.0017474254903693993, 0.0016402752759555976, 0.0008809171073759595, 0.001084697471621136, 0.004502020310610533, 0.001866751117631793, 0.0027716797000418105, 0.0023932159723093114, 0.004182193893939257, 0.0010719506147628028, 0.033192659417788185, 0.012229408758382002, 0.0018139322055503726, 0.0017290453348929684, 0.004576417151838541, 0.004441397575040658, 0.0021712190161148706, 0.001249836408533156, 0.002407324267551303, 0.002117996026451389, 0.0011253869549060862, 0.0007048698025755584, 0.012221827792624632, 0.0011818437681843836, 0.000717708608135581, 0.0006754661638600131, 0.002191276599963506, 0.0008405878713044027, 0.0013834872127821047, 0.001808750598380963, 0.0009277107892557979, 0.01949191962679227, 0.0020344736985862255, 0.0389967126150926, 0.0014015956160922844, 0.0013028515580420692, 0.0009173624954807261, 0.001554192160256207, 0.001493397867307067, 0.0009901503023381035, 0.0007097774844927093, 0.0013871568953618407, 0.0006719807861372828, 0.0010662468266673386, 0.0008375731413252652, 0.0012202384338403742, 0.0010534375517939527, 0.0008712204289622605, 0.0016049667028710246, 0.001181975317498048, 0.0011300694895908237, 0.002097200912733873, 0.001220028769845764, 0.0016306659284358223, 0.0006791951018385589, 0.0008054380693162481, 0.0008543228614144027, 0.0010653890009659033, 0.0010256048990413547, 0.0015764660978068907, 0.0008394301015262803, 0.0008811196118282775, 0.0007996273149425784, 0.0006831045999812583, 0.0008016102171192566, 0.0009309020436679324, 0.0006007952227567633, 0.0010607684768425922, 0.001102818176150322, 0.0005997908107625941, 0.001211214732999603, 0.0008265979898472627, 0.0008155856048688293, 0.0008152809847767154], "loss": [0.13717477611805262, 0.04666557584546114, 0.030560488175404698, 0.020989199953251762, 0.014893722230274426, 0.010240283427073768, 0.007155224656392085, 0.005045213908153145, 0.00398650814435984, 0.003481087336120637, 0.0031556108182198123, 0.002754278499387989, 0.0025277448401443267, 0.0022648057569504567, 0.002611113117860728, 0.0018712197136329977, 0.0019696129755558153, 0.001752665260267493, 0.0016818554201898607, 0.001726419137986867, 0.0014513987913041522, 0.0014050216046407034, 0.0013136419522772102, 0.0013851179759704361, 0.001333965873958445, 0.001221991686371008, 0.0013063986522243603, 0.0010805464913382341, 0.0011377185215487291, 0.0010571617504434758, 0.0010471870865378726, 0.0010320906723408324, 0.001015869722897677, 0.0011463808968025994, 0.0009815071979047435, 0.0009209288768225202, 0.00092914180928155, 0.0010100691916274005, 0.0009084091625960642, 0.0009768739171130093, 0.0011219429863175672, 0.0009073799347357923, 0.0010422149575070332, 0.0009250893398482157, 0.0010069330057472382, 0.0008902922824123188, 0.0009416467877791116, 0.0008470276340008958, 0.0011044787304279836, 0.0008359419972341703, 0.0008874359038217287, 0.0008675785870046207, 0.0009185648461999861, 0.000852411551597087, 0.0008998564873380881, 0.0008327033505529949, 0.0008617963850204097, 0.0007839187379240206, 0.0007921925831684156, 0.0008843781910591611, 0.0008267894062507702, 0.0007995793467240506, 0.0008409934234805405, 0.0007889570398746352, 0.0008023569427773749, 0.0008402006075668492, 0.0007679678107562818, 0.0007894089090098676, 0.0008147272900188048, 0.0007196624800072689, 0.0007908874724403416, 0.000749078432196065, 0.0007624906138516963, 0.000747552928882406, 0.0007704874519013652, 0.0007474643797123511, 0.0008125694064227374, 0.0007323353692251993, 0.0007066598290724581, 0.0007312596518252241, 0.0007120169680810681, 0.00073603744385764, 0.0006703634893423633, 0.0007523966793853201, 0.0006488270071139069, 0.0006907284872508363, 0.0006962488099050365, 0.0006888543506839165, 0.000720738133072461, 0.0006798629704127578, 0.000704468944796214, 0.0006775907302079233, 0.0006744762894844538, 0.0006285473339774303, 0.0007169157554591564, 0.0006552322792183412, 0.0006547085174947585, 0.0006484777504259622, 0.0006787294053202985, 0.0006421081442998624]}