{"val_loss": [0.013172055967152119, 0.007923997938632965, 0.006187847629189491, 0.005895841680467129, 0.006111409328877926, 0.005790176242589951, 0.0027202730998396873, 0.002960860123857856, 0.004137746104970574, 0.0013463387032970787, 0.001355340238660574, 0.0011404346325434745, 0.014750423468649387, 0.0014451641822233797, 0.002040512370876968, 0.007002811599522829, 0.0007458237581886351, 0.010467246919870377, 0.0010830091312527656, 0.002565789967775345, 0.003589687030762434, 0.0014269151259213686, 0.0013361906865611672, 0.0011840319028124213, 0.0007063317112624645, 0.0008873526239767671, 0.0012908691773191095, 0.0006596367107704282, 0.0008407335262745619, 0.0006864605005830526, 0.0006923023262061179, 0.0012960393214598298, 0.0008403301821090281, 0.0010442142491228878, 0.0006765126250684262, 0.000647018535528332, 0.0006819827016443014, 0.0012974596349522472, 0.0006995814153924584, 0.0037087146192789078, 0.0013246891554445027, 0.0006277204491198062, 0.000650944618973881, 0.000693195965141058, 0.0006832998245954513, 0.0006083552958443761, 0.0008504748810082674, 0.0010281244991347193, 0.0006351617863401771, 0.0006269125733524561, 0.0012123306514695287, 0.000605808908585459, 0.0009255949291400612, 0.0006149317719973624, 0.0009015075862407685, 0.0006765009486116469, 0.0008428494911640882, 0.001077894726768136, 0.0010702727828174829, 0.0006687030545435846, 0.0005546505970414727, 0.001531517948023975, 0.0012221409473568202, 0.0006802854361012578, 0.0006040829233825207, 0.0006444878177717328, 0.0010681324871256947, 0.0009208634379319847, 0.0006633071345277131, 0.0005770326300989836, 0.0006452069268561899, 0.0008570098318159581, 0.0006438588257879019, 0.0008293982828035951, 0.0008616767474450171, 0.0006681515136733651, 0.0008684275206178426, 0.0007205176283605397, 0.0006192752392962575, 0.000679669831879437, 0.0007057506823912263, 0.0007329029846005142, 0.0006491433479823173, 0.0005971491802483798, 0.0007182617904618382, 0.0008686265675351024, 0.0005946307443082333, 0.0005593813664745539, 0.0007544449996203184, 0.0006717156851664185, 0.000788577797356993, 0.0006601370172575116, 0.001528483652509749, 0.0009821778046898543, 0.0008223122684285044, 0.0010182870784774423, 0.0006747467326931655, 0.0005638511211145669, 0.0005879895354155451, 0.0006922259810380638], "loss": [0.11039490336552263, 0.028370313229970634, 0.012369520228821785, 0.005763722071424127, 0.0035879651841241866, 0.0029946068534627557, 0.0029759687517071144, 0.0023172443005023526, 0.0021840382600203157, 0.0020461095904465766, 0.0019109704298898578, 0.001605000055860728, 0.0014693821387481876, 0.0013307160770636983, 0.0012378220169921405, 0.0011850812879856676, 0.001061780977761373, 0.0011735280830180272, 0.0010526598984142766, 0.0010281258568284103, 0.0009896267554722726, 0.0010145870517590083, 0.0009510089919785969, 0.0009336641945992596, 0.0009219488594681025, 0.0008371205374714918, 0.0008816983827273361, 0.0008215292793465779, 0.0008348956893314607, 0.0008314810358569958, 0.0008395123775699175, 0.0008084899178356864, 0.0007846797991078347, 0.0007661925279535353, 0.0007566031330497935, 0.0008141265992890112, 0.0007615401358634699, 0.0006928523507667705, 0.0007204493871540762, 0.0007200057982117869, 0.0007214447236037813, 0.0006770672582206317, 0.0007200641004601494, 0.0007176802057074383, 0.0006813003710703924, 0.0006863489805255085, 0.0006922060871147551, 0.0006946336841792799, 0.0006765363708836958, 0.000665065017528832, 0.0006508639460662379, 0.0006614376303332392, 0.0006812837702455, 0.0006472439119534102, 0.000654906539421063, 0.0006444532926252577, 0.0006739226497302298, 0.0006449278342188336, 0.0006580428707820829, 0.0006408231747627724, 0.0006501796131487935, 0.0006398148587322793, 0.0006229777573025785, 0.0006319237625575624, 0.0006547285644046497, 0.0006275150837609545, 0.0006341293053992558, 0.00063913990961737, 0.0006219477836566512, 0.0006073602417018265, 0.0006495914924016688, 0.0006227377118193545, 0.0006107217624958139, 0.000631354747019941, 0.000602266059286194, 0.0006341676176816691, 0.0005844071216415614, 0.0005985530115140136, 0.0006303645328443963, 0.000600270066934172, 0.0006030673626810312, 0.0006133269453130197, 0.0005955886190349702, 0.0005920458854234312, 0.0006035837352101226, 0.0006166299412143416, 0.0005889537569601089, 0.0005932092142757028, 0.0006133203198260162, 0.0005843194856424816, 0.0005790227638499346, 0.0005982223294267897, 0.0005727898977056611, 0.0006129972447524778, 0.0005831329472130165, 0.0005844275110575836, 0.0005962080889730714, 0.0005857497046235949, 0.0005889010943064931, 0.0005771729163825511]}