{"val_loss": [0.04348514477411906, 0.015866669826209545, 0.01666438952088356, 0.0166277214884758, 0.006051353178918362, 0.007473084765175979, 0.006747718279560407, 0.0065339783517022925, 0.006938889933129151, 0.005231776585181554, 0.006793542765080929, 0.006248273265858491, 0.006096325038621823, 0.006325647234916687, 0.004679197755952676, 0.005855345322440068, 0.003147371578961611, 0.004274014538774888, 0.0018178536944712202, 0.0030823700750867524, 0.002390138184030851, 0.0024577019115289054, 0.0020810067265604935, 0.002459583959231774, 0.001387383866434296, 0.0017257089881847303, 0.0012166776383916538, 0.0016390679714580376, 0.0013126233437409003, 0.001478764267327885, 0.0013457878958433867, 0.0008380840299651027, 0.001289420179091394, 0.0007559528845983247, 0.0008340597075099746, 0.0012796200656642516, 0.0011900828685611486, 0.0007564566136958698, 0.0008009213100497922, 0.0008131997116530935, 0.0007618747573966781, 0.0008722589894508322, 0.0008574923267588019, 0.0006653610422896842, 0.0008791361081724366, 0.0007493099741016825, 0.0009688344434835017, 0.0007024424072975913, 0.0009342788835056126, 0.000635942502412945, 0.0007380951040734848, 0.0005943919920052091, 0.002099428946773211, 0.0006799102217579881, 0.0007886481277334193, 0.0007916751977366706, 0.00069930423827221, 0.0007327478184985617, 0.0007367890211753547, 0.0006835376261733472, 0.0008585258619859815, 0.0009994222394501169, 0.0012185108304644625, 0.0005783231269257764, 0.0007869042650175592, 0.0006893291138112545, 0.0006434592651203275, 0.0006306023181726536, 0.0006620501905369262, 0.0006364452419802547, 0.0008221307070925832, 0.0006654921259420613, 0.0006026657647453249, 0.0005815779052985212, 0.0007030591174649695, 0.0005526866298168898, 0.0006083350745029747, 0.0006808899148988227, 0.0006904002705899378, 0.0005598648955735067, 0.0006725319738810261, 0.4604597787062327, 0.001011209989277025, 0.001061709364876151, 0.0009361646759013335, 0.0009710793771470586, 0.0006238034693524241, 0.0007122753110403816, 0.0005920684974019726, 0.0005902132446256777, 0.001016953164556374, 0.00075897426965336, 0.0006774852517992258, 0.0007486119866371155, 0.0006712928880006075, 0.0005653059924952686, 0.0005369171073349813, 0.0005880048071655134, 0.0006719041266478598, 0.0005955479573458433], "loss": [0.16134147149951836, 0.04213585890829563, 0.02495449428495608, 0.01633467059582472, 0.010797913847981315, 0.007603402715176344, 0.005307086694397424, 0.0036902675331619227, 0.0026999699491027152, 0.0027625392448451173, 0.0018035909038429197, 0.0020659465256980375, 0.001787179664365555, 0.0016375221740944606, 0.0015834290718071554, 0.0012887605055431394, 0.0014721324183291902, 0.0013902429154289788, 0.0013367158060550298, 0.001062446283053999, 0.0011072813925382338, 0.00122576571179946, 0.0010149285203385119, 0.000991529589028735, 0.0011389962562948074, 0.0009062920427440028, 0.0009840849119140522, 0.0008656585674830957, 0.0008655474459948508, 0.0009012585383300719, 0.0008673664997331798, 0.0008574698034575895, 0.000757634725519701, 0.000872853175295811, 0.0007853811441332494, 0.0007302638933699774, 0.0007722415581443592, 0.0008674680996735237, 0.0007802004325448683, 0.0007518931065293911, 0.0008020179566780204, 0.0006869096878768975, 0.0007645724690519273, 0.0006289946215570365, 0.0007628993480466306, 0.0007007553925321094, 0.0007926170058597467, 0.0006591091606471883, 0.0006805857609785898, 0.0006757252053112575, 0.0007035734475051102, 0.0006502149488752414, 0.0007403506774847445, 0.0006754657707030052, 0.0006824574696733371, 0.0006194101634288305, 0.0006916187734245078, 0.0006404328236576953, 0.0006109324734241358, 0.0006359866713051145, 0.0006802351976818356, 0.000628042140497679, 0.0006622307455951446, 0.0006274323938046827, 0.0006022310316391094, 0.0005971765571494439, 0.0005993084004761553, 0.0005976634090888853, 0.0005930714695224244, 0.0005885722241241877, 0.000605222297293183, 0.0005931773247491373, 0.0005789147245722186, 0.0006266410989490779, 0.0005932274844350392, 0.0005606458274230949, 0.0005510802500219526, 0.000631695141476628, 0.0005522909969410026, 0.0005515043985245651, 0.0005620925374770243, 0.0021546917223052957, 0.0017565841216741031, 0.0005256502512278722, 0.0005199370299171852, 0.0005681147817277202, 0.0005746196532670997, 0.0005790953015859582, 0.0005245589173251861, 0.0005719537914142405, 0.0005314192507955196, 0.0005705380463041365, 0.000783504751253579, 0.0005124971212353557, 0.0005368015998484273, 0.0005459687473423975, 0.0005328512128663102, 0.0005344398714920604, 0.0005505606164469531, 0.0005324110113035299]}