{"val_loss": [0.11264991511901219, 0.08689842124780019, 0.17491954068342844, 0.2987319429715474, 0.12594124178091684, 0.02936104250450929, 0.015758097171783447, 0.014681280590593815, 0.015783322043716908, 0.015541088456908861, 0.017005466545621555, 0.01776850161453088, 0.017311146793266136, 0.017436949846645195, 0.017151837547620136, 0.016760434644917648, 0.016670708854993183, 0.01659494483222564, 0.01265231737246116, 0.01558478269726038, 0.015529255693157515, 0.016160583744446438, 0.016140203612546127, 0.015719090898831684, 0.016083561815321445, 0.01524261012673378, 0.015724881862600643, 0.01626435077438752, 0.015451761583487192, 0.016126032297809918, 0.01661482360213995, 0.0161158066863815, 0.015436757355928421, 0.015467940519253412, 0.015573473026355108, 0.01572147849947214, 0.015418887448807558, 0.01540246264388164, 0.01589816187818845, 0.015560070363183817, 0.015538688438634077, 0.015620999659101168, 0.015529097678760687, 0.015404239917794863, 0.015475625172257423, 0.015573100186884403, 0.01546186301857233, 0.01564394837866227, 0.016530985633532207, 0.01712619389096896, 0.016917106385032337, 0.015584044779340426, 0.015556769135097662, 0.015899634609619778, 0.01701978873461485, 0.01687062717974186, 0.016884992520014446, 0.015729082748293877, 0.015560165358086428, 0.015374040541549524, 0.015545301760236422, 0.015876981740196545, 0.015699828664461773, 0.015476323664188385, 0.015532464099427065, 0.015377954890330633, 0.015516843957205614, 0.016838272102177143, 0.016462701372802258, 0.01657621966054042, 0.01644852353880803, 0.016405276022851467, 0.01655582959453265, 0.01722691487520933, 0.016925098684926827, 0.016667884153624375, 0.016456581341723602, 0.016085056277612846, 0.016434069722890854, 0.017475523054599762, 0.017521245405077934, 0.017259471428891022, 0.016673123153547447, 0.01621452036003272, 0.015672543086111546, 0.016130876416961353, 0.015891725818316143, 0.016122398898005486, 0.01560508863379558, 0.015588945398728052, 0.01581403085341056, 0.01578642458965381, 0.014762613301475843, 0.015821464049319427, 0.015784928885598976, 0.01571033118913571, 0.015617349495490393, 0.015752210281789303, 0.015589316996435324, 0.015262982497612635], "loss": [0.24450983891361638, 0.20051461222924685, 0.16441092836229423, 0.13128356439502617, 0.10219638324097584, 0.0772854493636834, 0.058217057468075505, 0.042695466821130956, 0.032011172489116065, 0.025100729379214738, 0.020180921021260713, 0.01724663362103073, 0.015785913816408106, 0.014953810182449064, 0.014434127333132844, 0.014207098142881142, 0.01404978991731217, 0.013904100627099214, 0.013756422865155497, 0.013607523551112726, 0.013477924917089311, 0.01336061111406276, 0.013297109864652157, 0.013189199527627543, 0.013079582223374592, 0.013056283277508459, 0.013009448682791308, 0.012985635842931898, 0.012951745308543506, 0.012909264744896638, 0.012875214758280077, 0.012872873560378426, 0.012856024905647101, 0.01280036887252017, 0.012795142633350272, 0.012754593877808043, 0.012785691277761208, 0.012730020784625882, 0.012738151475787163, 0.012776425451432405, 0.012730984752507587, 0.012712370408208747, 0.012733143215116701, 0.012732902786841518, 0.012679346886120345, 0.01270452058432918, 0.012741607711895517, 0.012717567580310922, 0.012669306052358527, 0.0126656851192054, 0.012630860811393512, 0.012669143021890992, 0.01268710504825178, 0.012651744739789712, 0.012652022371950903, 0.012675182403702485, 0.012665752076396817, 0.012656454977236296, 0.012605202482327035, 0.012584845045287358, 0.012667001617190084, 0.012580007706817827, 0.0125728038776862, 0.012606731713994554, 0.012566560732298776, 0.012597967821516488, 0.012594071461966163, 0.012623177155068046, 0.012580482534279949, 0.012631458034248729, 0.012595749852296553, 0.01261098079971577, 0.012655201171965976, 0.012665108189378915, 0.012656998722568938, 0.012635841818624422, 0.012610485189055142, 0.012631670179727831, 0.012600272550786796, 0.012581523899969301, 0.012610594840034059, 0.012582438066601753, 0.012584369286502662, 0.01263332930638602, 0.012599163835770205, 0.01262291687491693, 0.012600572828791644, 0.012595022195263914, 0.012615107588077846, 0.012635713296109125, 0.012623438464575693, 0.012608009831685769, 0.012558432491986375, 0.012601209804415703, 0.012644103140031037, 0.012651068991736361, 0.012653770317372522, 0.01268355514069921, 0.012683213443348282, 0.012660239872179534]}