{"val_loss": [0.4117078840732574, 0.2286563843488693, 0.19902528524398805, 0.13405695110559462, 0.0522049754858017, 0.49150959849357606, 0.31315948367118834, 0.10373812764883042, 0.012550065852701664, 0.07575000822544098, 0.023516402766108512, 0.01160251796245575, 0.023215058259665966, 0.14556776136159896, 0.0375878993421793, 0.014282048400491475, 0.012447846867144109, 0.010433661751449108, 0.00619758078828454, 0.008857133612036706, 0.006923172902315855, 0.014785844460129738, 0.005887911375612021, 0.005269770789891481, 0.009501403663307428, 0.007276652194559574, 0.005720317363739014, 0.0055661147460341455, 0.005613247491419315, 0.005242370953783393, 0.009855930134654045, 0.005738376174122095, 0.005455375928431749, 0.010409699473530053, 0.006002592016011476, 0.005935266893357038, 0.006748733948916197, 0.005977570451796055, 0.007720987685024739, 0.018236845172941683, 0.00941162947565317, 0.008812741842120886, 0.006584955472499132, 0.006748137064278126, 0.005861402396112681, 0.005335596483200788, 0.00610103877261281, 0.0053018140606582165, 0.0058504344895482065, 0.005089796241372823, 0.005075385980308056, 0.006042661890387535, 0.00622555585578084, 0.011818883195519447, 0.005761558748781681, 0.0066260783933103085, 0.006608234532177448, 0.007588761392980814, 0.0076153606176376345, 0.007175877690315247, 0.00656026815995574, 0.0067436560988426205, 0.00706992419436574, 0.006251817289739847, 0.007605587411671877, 0.006860005483031273, 0.007504221424460411, 0.007202752772718668, 0.005741703975945711, 0.006379182077944278, 0.006458410900086165, 0.0059450226835906506, 0.006759473867714405, 0.006580524239689111, 0.0067092708311975, 0.005864789336919784, 0.005493910145014524, 0.004884182615205646, 0.005443636048585177, 0.00736451530829072, 0.04623717442154884, 0.1180332437157631, 0.0069229424931108955, 0.006808794848620891, 0.007026799768209457, 0.006298139877617359, 0.005906018055975437, 0.005686770845204592, 0.005557543132454157, 0.005950389988720417, 0.0044785143807530405, 0.0050444240681827065, 0.006190504506230354, 0.009404299408197403, 0.006053795572370291, 0.007489927671849727, 0.007495297305285931, 0.007318807113915682, 0.011845765542238951, 0.004661036189645529], "loss": [0.20102420412003993, 0.11159454081207514, 0.05507032051682472, 0.026628379104658963, 0.016356119024567305, 0.013257272075861692, 0.012256466411054134, 0.011369222868233919, 0.010402640327811241, 0.009782809612806887, 0.009358851250726729, 0.008842411800287664, 0.008651596494019032, 0.008224178105592728, 0.00797713614301756, 0.007524596736766398, 0.006924011581577361, 0.006417826807592064, 0.0058914757100865245, 0.005823699245229364, 0.0057393481372855605, 0.005631187127437443, 0.005448391428217292, 0.005397006252314896, 0.0052771712536923586, 0.005177150230156258, 0.005227036902215332, 0.005118094780482352, 0.004962974588852376, 0.004933528427500278, 0.004926170647377148, 0.004979363799793646, 0.004814704594900831, 0.004775964020518586, 0.0047369581938255575, 0.004772321949712932, 0.004622200358426198, 0.004560688941273839, 0.0044284658273681995, 0.004342910763807595, 0.00429987083771266, 0.004286720254458487, 0.0041190071846358475, 0.004199147579493001, 0.004056809982284903, 0.004055946320295334, 0.004002612014301121, 0.004093107930384576, 0.003942357003688812, 0.003949932951945812, 0.003979643242200836, 0.003956306155305356, 0.003922282787971199, 0.0039814571326132865, 0.0038847096264362337, 0.003877038205973804, 0.0038778715883381666, 0.0039123200054746125, 0.003899611555971205, 0.0038999361684545876, 0.0038471867504995317, 0.0038279798580333592, 0.0037942813360132277, 0.003935191861819476, 0.003909319278318435, 0.003918302978854626, 0.003906401724088937, 0.003833147551631555, 0.0038497573928907513, 0.0038131690584123135, 0.00391287831007503, 0.003845819440903142, 0.0038353066949639468, 0.0038560979184694586, 0.0037874699337407947, 0.003826815594220534, 0.003787346347235143, 0.0037781372375320643, 0.0038173547480255367, 0.0036727249796967955, 0.0037726623064372688, 0.0037447358947247265, 0.0037345429183915256, 0.00371466382057406, 0.0036922395112924276, 0.0036510033474769442, 0.003707589296391234, 0.003636943583842367, 0.0036483246367424726, 0.0036548358562868088, 0.0036918000027071685, 0.003754692804068327, 0.0036973256384953855, 0.003664994682185352, 0.0036494995467364786, 0.0036362376471515746, 0.0036405126738827676, 0.0036189173581078647, 0.003591377130942419, 0.0035960311302915215]}