{"val_loss": [0.15221350888411203, 0.09844107180833817, 0.08291139950354894, 0.06731036057074864, 0.06189818183581034, 0.030204903334379196, 0.02428293228149414, 0.01651939284056425, 0.016704664565622807, 0.014802616710464159, 0.015696324408054352, 0.016021586023271084, 0.017162577559550602, 0.01637821365147829, 0.01637474757929643, 0.01613861881196499, 0.016659246447185676, 0.0156254256144166, 0.01697917686154445, 0.01694928326954444, 0.016316080155471962, 0.015975835422674816, 0.015128993739684423, 0.016846351325511932, 0.023278694599866867, 0.019842784230907757, 0.015114471005896727, 0.02400221365193526, 0.03627587482333183, 0.024209265286723774, 0.028576172267397244, 0.038565993309020996, 0.039921652525663376, 0.028513350213567417, 0.019994550695021946, 0.018466365834077198, 0.019344165921211243, 0.01706099323928356, 0.02149868073562781, 0.02187065655986468, 0.020920200894276302, 0.019674910853306454, 0.022345146785179775, 0.01968712608019511, 0.02269340182344119, 0.017645311231414478, 0.019203967104355495, 0.021459216251969337, 0.022965118288993835, 0.022827105596661568, 0.026553913950920105, 0.02463306797047456, 0.023594718426465988, 0.016709850169718266, 0.021868232016762097, 0.018289325137933094, 0.01883131017287572, 0.01890525346000989, 0.016402278405924637, 0.017238127378125984, 0.020046501730879147, 0.018032520388563473, 0.018027926484743755, 0.017583580687642097, 0.016981312073767185, 0.018130954975883167, 0.018323617056012154, 0.017141107159356277, 0.017832377925515175, 0.018887538462877274, 0.016409903454283874, 0.016358305079241593, 0.015934832394123077, 0.01642238690207402, 0.015515505957106749, 0.015413525203863779, 0.015288699107865492, 0.015520268740753332, 0.01561313277731339, 0.01496428344398737, 0.0154570114488403, 0.015568353546162447, 0.015320938701430956, 0.015490831496814886, 0.014947503184278807, 0.01462904488046964, 0.015364289904634157, 0.015054411254823208, 0.015294186770915985, 0.015495933902760347, 0.015565718524158001, 0.015747119362155598, 0.015513470396399498, 0.015272073447704315, 0.015418249182403088, 0.015721706363062065, 0.01570247548321883, 0.014691034952799479, 0.015050981504221758, 0.015332448606689772], "loss": [0.24739819451382286, 0.20106908130018333, 0.16375020146369934, 0.13020434936410502, 0.10142945419800908, 0.07647375291899632, 0.05648759674084814, 0.04178223151125406, 0.031331834138224, 0.024384494478765287, 0.01977468164343583, 0.01725444055505489, 0.015815285181528645, 0.014891254274468673, 0.014437162954556314, 0.014199257485176387, 0.014041233268615446, 0.01393400755171713, 0.013820845829813104, 0.013696452504710147, 0.013520361022337488, 0.013401667685493043, 0.01327673929106248, 0.013127142955598078, 0.01305412305028815, 0.013000975166888614, 0.012895696943527773, 0.012819279573465648, 0.012757382600715286, 0.012733425797992632, 0.012739822513570911, 0.01263696533676825, 0.012621843354090265, 0.01265049505194551, 0.012571978676868113, 0.01262391809570162, 0.012568516656756401, 0.012567093301760522, 0.01255118425347303, 0.012550038383587411, 0.012601095741908801, 0.012564629561414844, 0.012594125772777357, 0.01259898399247935, 0.012574723333512483, 0.012588820126103727, 0.012593477768333335, 0.012558922808813421, 0.012611371759129198, 0.012553467709375056, 0.012641458674088904, 0.012636068914281694, 0.012617511233608974, 0.01266177488785041, 0.012637301446183732, 0.01262408509654434, 0.012639996791748624, 0.01265464208431934, 0.012655508361364665, 0.01261841010694441, 0.012601026235834548, 0.012648810681543853, 0.012608155902279051, 0.012654571990041356, 0.012639960176066348, 0.012663809141438259, 0.012626773530715391, 0.01262260723466936, 0.012610043742154775, 0.012619522792336187, 0.012610008106812051, 0.012618694209346646, 0.01263022594349949, 0.012589066681501112, 0.012623082601318234, 0.012611853399951207, 0.012575587796929636, 0.012593790447633518, 0.012586898317462519, 0.01259484661645011, 0.012627781074690191, 0.012609749689306083, 0.012581564535043742, 0.012567156582678618, 0.01257989643827865, 0.012557178637699076, 0.012589232260851483, 0.012589216134265849, 0.012591378420199218, 0.012606959593923469, 0.012596831264856615, 0.012626316300348231, 0.012620019677438234, 0.012613690507255103, 0.012637692111495295, 0.012619656853769956, 0.012607206100303876, 0.012573700447223689, 0.012599253977992032, 0.012595587655117637]}