{"val_loss": [0.02074212096631527, 0.006995143089443445, 0.006618398800492286, 0.00544402408413589, 0.003910005046054721, 0.002937321271747351, 0.0028818217571824787, 0.0022482236847281454, 0.00208150336984545, 0.0018016104819253086, 0.0016619900707155466, 0.0019059446407482029, 0.002320572128519416, 0.0011345648439601065, 0.000995469093322754, 0.0016147934133186937, 0.002362494543194771, 0.001047324005048722, 0.000749079033266753, 0.0014637259300798178, 0.0011049867840483784, 0.0007975702756084502, 0.0010452963644638658, 0.0014005564153194427, 0.0006712914444506168, 0.0006128067267127335, 0.0008214386412873864, 0.0006171143264509738, 0.0006346364738419652, 0.0006453890237025917, 0.000652651465497911, 0.0008869223878718912, 0.0007695002132095397, 0.0006233401130884886, 0.0010701578226871788, 0.0008276261738501489, 0.0012800797238014638, 0.0006766152102500201, 0.0007455484359525144, 0.0008308369200676679, 0.0006707444321364164, 0.0006605795468203723, 0.0011853499338030816, 0.0006850139470770955, 0.0007645166711881757, 0.0006314863334409892, 0.0006280920701101422, 0.0006380324484780431, 0.0008041538414545358, 0.0006712840055115521, 0.0007335608592256903, 0.0006946078385226429, 0.0007980522932484746, 0.0007393436622805894, 0.0009970655315555631, 0.0006581330671906471, 0.0006967775290831924, 0.000766413181554526, 0.0009705084725283086, 0.0008648138376884162, 0.0009334647213108838, 0.0010573261184617876, 0.0006002714973874391, 0.0007660510134883225, 0.0005997810862027108, 0.0008764828555285931, 0.0007048897095955908, 0.0010398205253295601, 0.0007230731076560915, 0.0005763512337580324, 0.0006275034393183887, 0.0008354083984158933, 0.0006520227063447237, 0.000658896891400218, 0.0005850312591064721, 0.000702935247682035, 0.0007139552617445588, 0.0008557086810469627, 0.0008556025219149888, 0.0005475584184750915, 0.0006752374581992626, 0.0006199099938385188, 0.0006284728413447737, 0.0008092891192063689, 0.0006694331066682934, 0.0005763681139796973, 0.0006279776920564472, 0.0006153642316348851, 0.0007143068942241371, 0.0006728899432346224, 0.0006184383644722402, 0.0007077250629663467, 0.000915682187769562, 0.0007951033767312765, 0.0006622837507165968, 0.0007807555026374758, 0.0006465448183007539, 0.0005633161694277078, 0.0005391654965933412, 0.0006183880032040179], "loss": [0.11503693694248796, 0.024908694508485495, 0.010588330565951765, 0.005323761637555435, 0.0034423832490574568, 0.0028868770488770677, 0.0024938949674833564, 0.0022517715085996317, 0.0021305956383002923, 0.0020468921662541105, 0.0018538291536970065, 0.00183628152590245, 0.0018356592830969022, 0.0016086990057374352, 0.001586557626433205, 0.001589219705783762, 0.001410171907627955, 0.0013213783080573195, 0.0011991298539214767, 0.0011528206916409545, 0.001048702585103456, 0.0010117324738530443, 0.0009980887072742917, 0.0009358529292512685, 0.0008946403278969229, 0.0008900705826818012, 0.0008480866876197979, 0.0008381500098039396, 0.0007970313745317981, 0.0008203250705264509, 0.0008097151570837013, 0.0007715266023296863, 0.0007515279401559382, 0.0007645987221621908, 0.0007678621492232196, 0.0007685832053539344, 0.000771931404597126, 0.0007398724788799882, 0.0007529000911745242, 0.0007410395177430473, 0.0007385248216451145, 0.0007413099767290988, 0.000712306029163301, 0.0006988748209550977, 0.0006737087445799261, 0.000689287960267393, 0.0006983483523072209, 0.0006587792566278949, 0.0007189856318291276, 0.000659525441005826, 0.0006807738289353437, 0.00068258956016507, 0.0006611936689296272, 0.0006728360553097445, 0.0006583157010027207, 0.0006524471245938912, 0.0006495103072666098, 0.0006406563436030411, 0.0006591991674213205, 0.0006599739310331643, 0.0006595081060368102, 0.000642119295662269, 0.0006666277702606748, 0.0006540907219459768, 0.0006462189216108527, 0.0006498820024717133, 0.0006402806429832708, 0.0006522984025650657, 0.0006404913496226072, 0.0006301641791651491, 0.0006183362304000184, 0.0006318757543340326, 0.0006312115765467752, 0.0006472072192991619, 0.000616815598186804, 0.0006003999646054581, 0.0006260896778258029, 0.0006287969808909111, 0.0006350227726215962, 0.0006129113302449696, 0.000631491604144685, 0.0006000694782414939, 0.0006221673123945948, 0.0005953775646048598, 0.0006199739604198839, 0.0006173987283546011, 0.0006360632505675312, 0.0006220291557838209, 0.0006192176617332735, 0.0005876152907148934, 0.0006129418499767781, 0.0006008759497490246, 0.0006058624952856917, 0.0006090241462516133, 0.0006216737951035611, 0.0006263926661631558, 0.0006100322410929948, 0.0006087680907512549, 0.0005959856243862305, 0.0006111297334427945]}