{"val_loss": [0.022542839869856834, 0.010606368072330952, 0.010830674941341082, 0.007278441451489925, 0.008310053031891584, 0.008026260882616043, 0.005517662813266118, 0.004909541457891464, 0.08137962718804677, 0.004477290281405051, 0.00436878150018553, 0.003334692446514964, 0.0027055321261286736, 0.0030915942043066025, 0.003065934948002299, 0.05082163835565249, 0.003098162589594722, 0.002290902193635702, 0.003034610068425536, 0.008573937540253004, 0.002423481938118736, 0.38760825991630554, 0.006263800120602052, 0.002638123153398434, 0.011338634106020132, 0.00297291522535185, 0.002742429884771506, 0.002317472438638409, 0.003272817082082232, 0.058567438274621964, 0.004259456104288499, 0.002412608436619242, 0.003160464654987057, 0.0009385777132896086, 0.0013822849529484909, 0.00410317179436485, 0.0009236761834472418, 0.02887343366940816, 0.0027955646316210427, 0.0016474008249739807, 0.0009306908662741383, 0.0009179689999048909, 0.015053284664948782, 0.0040616611173997326, 0.016799461096525192, 0.0015913729245464008, 0.0007397769562279185, 0.03489689528942108, 0.004976075608283281, 0.0013391370885074139, 0.0009903609946680565, 0.0010892282783364256, 0.017480336129665375, 0.0010458285299440224, 0.0008337897597812116, 0.001035842908701549, 0.0009421615007643899, 0.0029315818877269826, 0.00072775511459137, 0.001045462442561984, 0.0007208774914033711, 0.0008967857769069573, 0.0011733054804305236, 0.0008251844750096401, 0.0007168689626269042, 0.0008226094651035964, 0.0008900721635048588, 0.0011807470970476668, 0.0028909134368101754, 0.0018109031952917576, 0.0014933388447389007, 0.002091876541574796, 0.0006743552900540332, 0.000905877270270139, 0.0014944734672705333, 0.0010332373979811866, 0.001339176398081084, 0.0007455602947932979, 0.0011289222942044337, 0.0046558451528350515, 0.0011387447205682595, 0.0008346231382650634, 0.002686625967423121, 0.0010604052804410458, 0.0007254160009324551, 0.0007053516843977073, 0.0009629657336821159, 0.0011401701097687085, 0.0007082277443259954, 0.0007744435570202768, 0.0008875766846661767, 0.0008323251192147533, 0.0008557623756739, 0.000779863097704947, 0.0010001414533083637, 0.0009582120692357421, 0.0013214008261760075, 0.0011165327159687877, 0.0010245338392754395, 0.000982175658767422], "loss": [0.11174641824082325, 0.04301465341919347, 0.027659353064863307, 0.016897030076698252, 0.012592389885532228, 0.008605328756139466, 0.005903611180225485, 0.0052384418852039075, 0.003674160309233948, 0.0038131330480897113, 0.0031053667863536823, 0.0030176554267343724, 0.0027475036484630485, 0.002627645190315027, 0.0021385816048438613, 0.0024998600925563983, 0.002163778953744393, 0.002045167456871193, 0.002141823036302077, 0.0018520193652396923, 0.001466258765982562, 0.001580930725475283, 0.0015556155949046737, 0.0013758463687018345, 0.001572301298821051, 0.0013282704228339227, 0.001290477181196605, 0.001183529261891779, 0.001454970970945923, 0.0014369148963229044, 0.0011944304508353142, 0.0011151298960229677, 0.0012465704532683287, 0.000993161777794165, 0.001192365288979521, 0.0010815506715229468, 0.0010676279443463212, 0.0011256592054116098, 0.0009471404605152968, 0.0009916913879447077, 0.0010036960624060349, 0.0010406851774620775, 0.0011866311389511746, 0.0009051842008423256, 0.0009997286466195395, 0.0008986379007661814, 0.0009151569408315577, 0.0009963499645604507, 0.0008435197156167737, 0.0009609443766653145, 0.0007469754231064336, 0.0009482698208701454, 0.0011298235714141476, 0.0008480828806855961, 0.0008082650050422863, 0.0008950491441952947, 0.0008643298520167407, 0.000801328205086879, 0.0008536654273293129, 0.0008547268930430475, 0.0008112036555662359, 0.0008784778826673957, 0.0007574493862002304, 0.0006952490933288477, 0.0008033614997801028, 0.0007711444601514622, 0.0007925388544160677, 0.0007288987674799405, 0.0007902497983243512, 0.0007555070271911589, 0.0007207396464716447, 0.0007825975373730456, 0.0007517873799722446, 0.0007568946917002139, 0.0006659882737470692, 0.0007593613822552326, 0.0007462188797561746, 0.0007900125101992959, 0.000706182563015701, 0.0007416960449374624, 0.000721100558477797, 0.0006422400152874424, 0.0007506887394763334, 0.0007527190104347506, 0.0007416432245487446, 0.0007452230784110725, 0.0006287577470127297, 0.0007811457846975444, 0.0006982589272267528, 0.0006645288131518388, 0.000725850184129453, 0.0007338410788705867, 0.0006521152528493028, 0.0007168616897328512, 0.0007042625603437619, 0.0007139066706019405, 0.0006964560383685717, 0.0006724095223226437, 0.0006666283251864737, 0.0007004611604650946]}