{"val_loss": [0.011542519554495811, 0.00695886816829443, 0.020072583854198457, 0.008198732510209084, 0.0015979697927832603, 0.002242981595918536, 0.005460122693330049, 0.0015573462238535284, 0.003095257468521595, 0.0025816440349444745, 0.0031626940704882144, 0.003555195080116391, 0.0018684684531763197, 0.0020068814046680927, 0.001549990731291473, 0.0030485674273222686, 0.0029761706944555046, 0.0011467800126411022, 0.0015381501987576484, 0.000885813741479069, 0.0007136096712201834, 0.0011652791290543973, 0.0011881169164553284, 0.0008857606095261872, 0.0008533402346074581, 0.000840421998873353, 0.0036285716108977796, 0.0008106994209811091, 0.0012485209386795758, 0.001208800496533513, 0.0006772469729185105, 0.0006639839382842183, 0.000910427188500762, 0.0007652601925656199, 0.0007424340583384037, 0.00105960100190714, 0.0007563211140222848, 0.0006588146206922829, 0.0008774743764661252, 0.0009080316638574004, 0.0008347611175850034, 0.000852189282886684, 0.0009982025716453792, 0.0005771468044258654, 0.0010080466861836612, 0.0006543636322021484, 0.0007719930959865451, 0.000599793397122994, 0.0007470753509551287, 0.0006012230296619236, 0.0005655051965732128, 0.000547032937174663, 0.000558360805734992, 0.0007428066805005073, 0.0005721673020161689, 0.0005427025142125785, 0.0005558528704568743, 0.0007007578737102449, 0.000693450786639005, 0.0006144451792351902, 0.0005372726591303945, 0.0005271731643006206, 0.0007651805062778294, 0.0006567254778929055, 0.0005221939471084624, 0.000540332857053727, 0.0006531022838316858, 0.000564677338115871, 0.0005916581256315112, 0.0005591701716184616, 0.0005809182883240282, 0.0005902057455386966, 0.0005336215952411294, 0.0006021879671607167, 0.0005262777034658938, 0.000541648460784927, 0.0005456150567624718, 0.0006371341180056334, 0.0005728529067710042, 0.0005776003177743405, 0.0005302643170580268, 0.0006878083571791649, 0.0005422987684141845, 0.0006177443021442742, 0.0007365046069025994, 0.000533241726225242, 0.0005722354806493967, 0.000542338052764535, 0.0005331730062607676, 0.0006494541303254664, 0.0005209330876823515, 0.0005395129090175032, 0.0005476259102579206, 0.000962461973540485, 0.0007531066541559995, 0.0005283121601678431, 0.0005074207729194313, 0.0005012563371565193, 0.000599520473042503, 0.000610035378485918], "loss": [0.10130861308425665, 0.02184495029505342, 0.009482433390803634, 0.004750100523233413, 0.0030027475877432153, 0.0023564657691167667, 0.0022583413287065924, 0.0017105610619182698, 0.001485825092822779, 0.00143945822637761, 0.0013697258342290296, 0.0011039371369406582, 0.0012201236822875217, 0.0010467041211086325, 0.00104737090296112, 0.000935827825742308, 0.0011329454893711955, 0.0009148065480985678, 0.0009110252402024343, 0.0008661380445118994, 0.0008464959595585242, 0.0008307940268423408, 0.0008363857748918235, 0.0007395616470603272, 0.0008188377163605764, 0.0007300976874830666, 0.0008738287731830496, 0.0007357123744441196, 0.0007319389762415085, 0.0007023597019724548, 0.00069574247172568, 0.0006649390430538915, 0.0007556335454864893, 0.0006712185597280041, 0.0006602189656405244, 0.0006775711772206705, 0.0006645337678492069, 0.0006355735364195425, 0.0006386533714248799, 0.0006269234661886002, 0.0008401803235756234, 0.0006154659800813534, 0.0006197048962349073, 0.0006198615606990643, 0.0006293531172559596, 0.0006245129676244688, 0.0005921284086070955, 0.0006079826765926555, 0.0006232495470612776, 0.0005893023728276603, 0.0005805693072034046, 0.0006160225450003054, 0.000573272487235954, 0.0005634963483316824, 0.0005873363574210088, 0.0005976154156087432, 0.000566797134524677, 0.0005734801998187322, 0.0005877380724996328, 0.000607452596159419, 0.0005784845976450015, 0.0005837652686750516, 0.0005522764993656892, 0.0005687430028046947, 0.0005690191486792173, 0.0005441952431283426, 0.0005652161227772013, 0.0005488955132022966, 0.0005583959311479703, 0.0005422982088930439, 0.0005522927887795959, 0.0005499672421137803, 0.0005448133473691996, 0.0005427108451840467, 0.0005382857409131248, 0.0005311441942467354, 0.0005161108267202508, 0.0005428370044683106, 0.0005228973954217508, 0.0005301920020428952, 0.0005279717493976932, 0.0005198095561354422, 0.000536556557926815, 0.0005231255141552538, 0.0005305142374709248, 0.0005220496677793562, 0.0005186364352994133, 0.0005276329546177294, 0.000534365042403806, 0.0005226182132901158, 0.0005089961669000331, 0.0005216998149990104, 0.0005077392343082465, 0.0005298063828377053, 0.0005138018503203056, 0.0005095179927593563, 0.0005091454819194041, 0.00048670891192159615, 0.0005045105477620382, 0.0005102738861751277]}