{"val_loss": [0.26364926000436145, 0.043926058957974114, 0.026266089950998623, 0.01528209758301576, 0.010585300624370575, 0.011174138014515242, 0.011688744028409323, 0.01182439054052035, 0.010415707404414812, 0.011382998588184515, 0.011057174764573574, 0.009649058493475119, 0.008873426355421543, 0.007871167579044899, 0.007980082960178455, 0.00673014825830857, 0.004513724474236369, 0.005661305195341508, 0.005039794525752465, 0.004289412017290791, 0.004461738358562191, 0.0012789596415435274, 0.0031680176810671887, 0.0034091248332212367, 0.002434124161178867, 0.0037071590777486563, 0.002256048765654365, 0.0024592054542154074, 0.0009738566198696693, 0.001430210075341165, 0.00107127307758977, 0.0011704523349180818, 0.001277173248430093, 0.0008353752200491726, 0.0014554746837044756, 0.0019094772481669982, 0.0009524603956378996, 0.0018223854713141918, 0.0017207645578309894, 0.0012304106106360753, 0.0012846803680683176, 0.0012409507374589641, 0.0021721760276705027, 0.00224518325800697, 0.0022215292944262424, 0.0028823711133251586, 0.0030500194213042655, 0.003919666012128194, 0.0026282723993062973, 0.0017253521752233307, 0.001459140485773484, 0.000726041616871953, 0.0015641710100074608, 0.0012455683123941224, 0.0008277760935015976, 0.0007973152484434346, 0.000699447545533379, 0.0006173002378394207, 0.0006683151392887036, 0.0007029440797244509, 0.000659077758124719, 0.000640459261679401, 0.0006041535137531658, 0.0010963377620403965, 0.0009028895292431116, 0.0006428269747023782, 0.0006474400094399849, 0.0006437904667109251, 0.0007022505160421133, 0.0006724044214934111, 0.000691283067377905, 0.00069291996381556, 0.0006305476611790558, 0.0007300045302448174, 0.0007121383290116986, 0.0008254927815869451, 0.0007149026496335864, 0.0007801309305553635, 0.0007266827742569149, 0.0007411071176951131, 0.0009056827790724734, 0.0005688440287485719, 0.0006457356115182241, 0.0006180057146896919, 0.0006979883182793856, 0.0008104409789666533, 0.0006587188690900803, 0.0008258932696965834, 0.0006742096544864277, 0.0006736086797900498, 0.0009838446276262403, 0.0008013746895206472, 0.0007146465165230135, 0.0007785517955198884, 0.0005748293867024282, 0.0006324059213511646, 0.0008308049291372299, 0.0006445454976831874, 0.0007035795521611968, 0.000588581858513256], "loss": [0.19999411545301737, 0.08895801674378545, 0.048268709723886694, 0.030031531264907436, 0.02046043141499946, 0.012696690220189722, 0.008610249080352093, 0.00673510428321989, 0.005254827856429313, 0.003810506387564697, 0.0033908298386162833, 0.0028666414651333503, 0.0026824589279529298, 0.002621699571854582, 0.0022623613538024457, 0.0022980769740809735, 0.0022656823888323025, 0.0022721255296155028, 0.002059470733480626, 0.002105404941463157, 0.0019939206846940672, 0.0019201221875846386, 0.0019241575225207367, 0.0017569811500020717, 0.0018100215514239512, 0.0016887787067772525, 0.0016253435322524685, 0.0016145865359392605, 0.0015801009783325227, 0.0015327219979984587, 0.001567563630248371, 0.0014788261614739895, 0.0014950202925032691, 0.0014478647775065742, 0.0014032088771560474, 0.0013803759356960654, 0.0013628282284020986, 0.001324034299039723, 0.0012768245559479845, 0.0012044429160213393, 0.0011815950825908466, 0.0011156473560013662, 0.0010600116649201435, 0.0010698786048267625, 0.001066575433421684, 0.0010118507963948343, 0.0009360713516607097, 0.0009578565215250771, 0.000934381561819464, 0.0008814141129780756, 0.0009127913661742289, 0.0008811140524860667, 0.0008512668091019517, 0.0008540263515897095, 0.0008166103966926274, 0.0008709018216713479, 0.0008392570093029031, 0.0008561516725948374, 0.0007991520228403571, 0.0007827408844605088, 0.0007514317863081631, 0.0008219292503781617, 0.0007766325326979553, 0.0007679531424257316, 0.0007742060330010167, 0.0008250962189202639, 0.0007718435984938161, 0.0007656297867039317, 0.0007654970579192435, 0.0007783037236597585, 0.0007420632602205794, 0.0007539897464754942, 0.0007634933878618636, 0.0007442815204788195, 0.0007147169273689782, 0.000780467633280511, 0.0006992693923070634, 0.0007432643998120176, 0.0007426148390789565, 0.0007411944710551516, 0.0007235659041294926, 0.0007066614588869637, 0.0007296482585125455, 0.0007189355888649038, 0.0006741947528146403, 0.0007161930981582325, 0.0007051799421835886, 0.0007291974708143817, 0.0007089466028111545, 0.0007223726807799386, 0.0007053554321541206, 0.0007088708225637674, 0.0007166821436074219, 0.0007125562406145036, 0.000698306554879405, 0.0006819972584612275, 0.0006673627955790021, 0.0006714080258174555, 0.0006678949851591728, 0.0006923294261612586]}