{"val_loss": [0.02068851049989462, 0.010577884782105685, 0.0037925088312476874, 0.004590183449909091, 0.0040017520543187855, 0.003137959400191903, 0.0020734661724418403, 0.0020767648704349993, 0.0015255616977810859, 0.004296508152037859, 0.004614410363137722, 0.006312740221619606, 0.005735167115926742, 0.0023523416835814714, 0.001462423033080995, 0.0013407159131020308, 0.006359936855733395, 0.002408809494227171, 0.0011130171827971936, 0.008825438655912876, 0.0034137478563934565, 0.0009301181882619858, 0.0018695832695811987, 0.0008464590762741863, 0.005504885595291853, 0.0013899636454880238, 0.0016619606642052532, 0.0011845152825117112, 0.0007359065813943744, 0.0008087886730208993, 0.0009142775204963982, 0.0013040785328485073, 0.0008154874783940613, 0.0015035619726404548, 0.00134302475489676, 0.0009591704583726823, 0.0019879261264577506, 0.0016392787219956517, 0.0009424449177458883, 0.0009774689446203411, 0.0006779763731174171, 0.0007328187464736402, 0.0008166135405190289, 0.0006783333839848638, 0.000726081314496696, 0.0006706458865664899, 0.0008740376913920044, 0.0007122393697500228, 0.0006979786208830774, 0.0007172081270255149, 0.0011168120428919793, 0.0006899245432578027, 0.0007149533135816455, 0.0011052004643715917, 0.0007397972978651524, 0.0006649349699728191, 0.000702602555975318, 0.0009691047598607838, 0.0007056280155666173, 0.0005599118361715227, 0.0005971168633550405, 0.0007398863905109465, 0.0005895398440770805, 0.000935904064681381, 0.0007605210295878351, 0.000599099847022444, 0.0012753151822835207, 0.0005775838566478342, 0.000767681747674942, 0.001061072398442775, 0.000749389105476439, 0.0006631913362070918, 0.0012158430181443691, 0.000621272693388164, 0.0006884257891215384, 0.000688210129737854, 0.0007419753586873412, 0.0006736979936249554, 0.0006849436555057764, 0.0007296203868463636, 0.0009372300002723933, 0.0005547222623135895, 0.0006759383366443216, 0.0006295148574281484, 0.000650912313722074, 0.0006444468512199819, 0.0012536279507912695, 0.0005987768759950996, 0.0007067859056405723, 0.0005887441686354578, 0.0007490579853765666, 0.0013512356672436, 0.0007805261062458158, 0.0005457100924104452, 0.0005778375547379255, 0.0005410715064499527, 0.0006219091126695275, 0.0010076359612867236, 0.0005799004808068276, 0.0006867466261610388], "loss": [0.10469863945618271, 0.02542989153880626, 0.011425531411077827, 0.0057121536519844085, 0.00391499504330568, 0.002921849608537741, 0.0026975088781910016, 0.0023796942870831115, 0.002138141286559403, 0.0018862116761738435, 0.0016750776529079303, 0.0015838930470636115, 0.001430713472655043, 0.0012824718636693434, 0.0011607801818172448, 0.0011260389845119789, 0.001206359539355617, 0.0010045373695902527, 0.001087797670334112, 0.0010105667941388674, 0.00098840768187074, 0.0009461505862418563, 0.0009733106679050251, 0.0008717233766219578, 0.000990469753742218, 0.0008180108881788329, 0.0008816249406663701, 0.000844842598598916, 0.0008574248393415473, 0.0008681366336531938, 0.0008207208316889592, 0.0007810069117113016, 0.0007943424316181336, 0.0007910360538517125, 0.0008150910900440067, 0.000762003703857772, 0.0007572104041173588, 0.0007474007885321044, 0.0007720197398157324, 0.0006931771713425405, 0.0007261373757501133, 0.000731730770348804, 0.000705911270051729, 0.0007053129047562834, 0.0007230741670355201, 0.0006824968455475755, 0.0006758099181752187, 0.0006858216504042503, 0.0006662654071988072, 0.0006966724002268165, 0.0006695341340673622, 0.0006820004084147513, 0.0006579012690053788, 0.0006963593899854459, 0.0006474304616858717, 0.0006702295977447648, 0.0006477746537711937, 0.0006633422475715633, 0.0006498643750092014, 0.0006711091300530825, 0.0006578274194907862, 0.0006337595477816649, 0.000638164743577363, 0.0006309707714535762, 0.0006629618525039405, 0.0006357249862048775, 0.00061480329677579, 0.0006378356374625582, 0.0006160524455481209, 0.0006220887677045539, 0.0006262431641516741, 0.0006311161821940913, 0.0006203174329129979, 0.0006104096399212721, 0.0006300465298409108, 0.000628259195946157, 0.000605142512358725, 0.0005924040415266063, 0.0006147701889858582, 0.0005922786484006792, 0.0006311412318609655, 0.0006037143823050429, 0.0006008353077049833, 0.0005760819105489646, 0.0006360202467476483, 0.0005948875652393327, 0.0005880353201064281, 0.000608537407242693, 0.0006046314898412675, 0.0005835072901390958, 0.0005931820880505257, 0.0005814245268993545, 0.0006076793062675279, 0.0006168228785099928, 0.0005754130375862587, 0.0005965613432636019, 0.0005804051324957982, 0.0005640312432660721, 0.000595046149828704, 0.0005870968496310524]}