{"val_loss": [0.019103565253317356, 0.006633620709180832, 0.005711940955370665, 0.002105219312943518, 0.003272307338193059, 0.0018060607369989156, 0.002420308627188206, 0.0034474988002330064, 0.0026793848723173142, 0.0011993082123808562, 0.0015762155642732977, 0.0018803734332323075, 0.001400909828953445, 0.0013127057114616036, 0.0009996351320296526, 0.001749657141044736, 0.002685723430477083, 0.0011559250531718134, 0.0007626335020177067, 0.0012893806444481016, 0.0008476684568449854, 0.0006549569428898394, 0.0006347496411763132, 0.0006442158599384129, 0.0008607765543274581, 0.0006006388110108673, 0.0009093314060010016, 0.0005896468413993716, 0.0007184641784988343, 0.0005770223622675985, 0.0007268739864230156, 0.0007683911477215588, 0.0006144866580143571, 0.0006201579933986067, 0.0006922583212144673, 0.0006560543552041054, 0.0006841289810836315, 0.0005808059417176991, 0.0005897151655517519, 0.0007196438149549067, 0.0006063482258468866, 0.0005693397193681449, 0.0005720665794797242, 0.0006258833454921842, 0.0006258096545934677, 0.0006059872219339013, 0.0005791186238639056, 0.0005817388941068202, 0.000576316361548379, 0.0006871059886179864, 0.0005666428478434682, 0.0005827842454891652, 0.0005606707069091499, 0.0005309885367751121, 0.0005886805534828454, 0.000553361070342362, 0.0005716203595511615, 0.0006330485106445849, 0.0005642865551635623, 0.0005975899053737521, 0.0005342378513887525, 0.0005391465965658426, 0.0005970985686872155, 0.0006007664313074201, 0.0007543818210251629, 0.0005289652268402279, 0.0006564068607985973, 0.0005286831001285464, 0.0008302445872686804, 0.0005951855680905282, 0.000521648651920259, 0.0005354155553504824, 0.0005624984682071954, 0.0005471388634759933, 0.0005781245883554221, 0.0007156335632316768, 0.0005262081336695701, 0.0005368666490539909, 0.000566696742316708, 0.0007438263623043895, 0.0005643057636916637, 0.00056490310234949, 0.0005849788372870535, 0.0005287776992190629, 0.0005220954713877291, 0.0005715465114917607, 0.0005347715399693697, 0.0005676014814525842, 0.0005362300260458141, 0.0005255171854514629, 0.0006025332026183605, 0.0005160710774362087, 0.0005264466453809291, 0.0005254859977867454, 0.0005377876514103264, 0.0005093665793538093, 0.0005307285522576421, 0.0005247186869382858, 0.0006061442545615137, 0.000538634805707261], "loss": [0.10984887853264809, 0.025678138108924033, 0.010341297835111618, 0.0045569464564323425, 0.002662408843752928, 0.0024521889572497457, 0.002197121101198718, 0.0016176543780602516, 0.0014649941920652054, 0.0014808041218202562, 0.0012840871830121614, 0.0012312950610066764, 0.0011485218798043205, 0.0010497506882529706, 0.0010204797377809881, 0.0010267052741255612, 0.0009170981807983481, 0.0009125940530793741, 0.0008466535015031696, 0.0008395085693337023, 0.0008070157971815206, 0.0007394943517283536, 0.0007987570308614523, 0.0007774002428050153, 0.0007469605145161041, 0.0007671639694308396, 0.0007230509945657104, 0.0007421949616400525, 0.0007233432086650282, 0.0007184454756497871, 0.0007113308762200177, 0.0007110879392712377, 0.0006837339082267135, 0.0007021481906122062, 0.0006744714752130676, 0.0006765023761545308, 0.0006798667563998606, 0.0006640879400947597, 0.0006817129891715012, 0.0006488530096248723, 0.0006350996103719808, 0.0006541840528370812, 0.0006459474680013955, 0.000642125269951066, 0.0006463300851464737, 0.0006206183592439629, 0.0006352786360366736, 0.0006349310591758694, 0.0006560228146554436, 0.0006110293943493161, 0.000620946528215427, 0.0006074638913560193, 0.0006019878717779647, 0.0006299739114183466, 0.000611160130938515, 0.0006096355173212942, 0.0005945377568423282, 0.0005913560453336686, 0.0006059169172658585, 0.0006041066961188335, 0.0006173333764309064, 0.0005753848818130791, 0.0005748845200287178, 0.0005901308730244636, 0.0005992107035126537, 0.0005750533629907296, 0.0005910430154472124, 0.0005918264338106383, 0.0005784777327789925, 0.0005781380510597956, 0.0005747750896262005, 0.0005764025685493834, 0.0005813989009766374, 0.0005863474478246644, 0.0005530343696591444, 0.0005649545826599933, 0.0005808896603411995, 0.0005523404906853102, 0.0005356381239835173, 0.0006063110289687756, 0.0005680815302184783, 0.0005596215087280143, 0.0005520226201042533, 0.0005838698933075647, 0.0005308098938257899, 0.0005623048709821887, 0.0005591776200162713, 0.0005519767961231992, 0.0005476047583215405, 0.0005532619128644, 0.0005417291831690818, 0.0005598507101240102, 0.0005472962075145915, 0.0005560906094615348, 0.0005394137471739669, 0.0005530142399948091, 0.0005457766259496566, 0.0005284911218041089, 0.0005352685249818024, 0.0005542896222323179]}