{"val_loss": [0.1857183337211609, 0.37319008111953733, 0.02580297403037548, 0.026539384573698043, 0.144145268201828, 0.03694155216217041, 0.11803322285413742, 0.03539338894188404, 0.03150132391601801, 0.023908136785030364, 0.04565203264355659, 0.009246841352432967, 0.026014295406639576, 0.07194189354777336, 0.008285017311573028, 0.006732655130326748, 0.008130404818803071, 0.006295594479888677, 0.004294070275500416, 0.003975342959165573, 0.0033786547370254993, 0.0031334357801824806, 0.004383698478341103, 0.003407124849036336, 0.0024470288772135973, 0.002630382776260376, 0.003253959957510233, 0.0013715167064219714, 0.0014534295303747057, 0.0014850161504000425, 0.001113013573922217, 0.001212486403528601, 0.0012428132584318518, 0.001128704333677888, 0.0012607587035745383, 0.0008934656041674315, 0.0014663659501820802, 0.0017071910202503203, 0.0009851004229858517, 0.0008760678581893444, 0.0011360582546330988, 0.0016274801222607494, 0.0009031118941493332, 0.0008227190701290965, 0.0008593485224992036, 0.0006589949480257928, 0.0007172006880864501, 0.0006576694082468748, 0.0007127985474653542, 0.0007177607738412916, 0.0007257130113430321, 0.0006545449607074261, 0.0006549132987856865, 0.0007152690319344402, 0.000692391803022474, 0.0006460495293140412, 0.0008075184305198491, 0.0006893415353260935, 0.0007136612082831561, 0.0006986386957578361, 0.0006828856421634555, 0.0006370267481543123, 0.0007251258590258658, 0.0008500942494720221, 0.0006523579242639244, 0.0007323734927922488, 0.0007460742839612067, 0.0007261766586452723, 0.0006657219608314335, 0.0006567448610439897, 0.0006198694813065231, 0.0007039262563921511, 0.0006015838240273297, 0.000640219880733639, 0.0006916241138242186, 0.0006388668320141732, 0.0006248837220482528, 0.0006090808077715337, 0.0007717014872469008, 0.0006057352991774678, 0.0006978310411795974, 0.0006341493572108448, 0.0007899499731138348, 0.0006048245239071548, 0.000665016530547291, 0.0007491233176551759, 0.000634667556732893, 0.0006854343810118735, 0.0007206746144220233, 0.0006331278127618134, 0.0006079961080104112, 0.0005892613611649722, 0.000618090049829334, 0.0006110965041443706, 0.000736320938449353, 0.0006396191311068833, 0.0009017400909215212, 0.0007589340792037546, 0.0006557081011123955, 0.0006189062260091305], "loss": [0.20200780481100084, 0.11189908552914858, 0.05555874025449157, 0.027060370007529855, 0.016823142138309776, 0.01382554485462606, 0.012747830199077725, 0.012071472965180874, 0.01109916198765859, 0.010373469162732362, 0.009635623276699335, 0.008892090327572077, 0.008585757121909409, 0.008142590604256839, 0.007707340794149786, 0.007014793483540416, 0.006325189315248281, 0.005498270795214921, 0.004897976201027632, 0.00427603418356739, 0.0036980595788918434, 0.003245306177996099, 0.0028738599503412843, 0.0025903921923600137, 0.0022469598188763484, 0.002047418447909877, 0.001925885846139863, 0.0018848062754841521, 0.0017031386465532704, 0.0016559011361096053, 0.0015616314485669136, 0.0015997215086827055, 0.0016131867247167974, 0.0015931114699924364, 0.0014559214527253062, 0.001396473849308677, 0.0014197302254615352, 0.0013636646617669612, 0.001337712403619662, 0.001256300086970441, 0.0012368076131679118, 0.0012353866099147127, 0.0011867145090945995, 0.0012114718279917724, 0.0012324413430178538, 0.0011919166194275022, 0.00114395854761824, 0.0011525547961355187, 0.0011042359517887234, 0.0011120385403046384, 0.0011158499139128253, 0.0010601889196550473, 0.0010636175240506418, 0.0010963227337924763, 0.0010558125315583311, 0.0010736008538515308, 0.0010429044254124165, 0.0010546588629949838, 0.0010206315113464371, 0.0010235809211735613, 0.0010055518883746116, 0.0010771721630590037, 0.0009775505764991975, 0.0010361175241996533, 0.0010484864120371639, 0.0010126558277988805, 0.0010210187931079418, 0.0010035726314526982, 0.0009832919764448888, 0.0009375074252602645, 0.0009595749812433496, 0.0009658987502916716, 0.000964498559187632, 0.0009299708748585544, 0.0009286328422604129, 0.0009871281086816452, 0.0009377170135849155, 0.0009145261661615223, 0.0009104108539759181, 0.0009095286295632832, 0.0009182052599499002, 0.0008908740317565389, 0.0009180867709801532, 0.0009284134212066419, 0.0009104919154196978, 0.0009191273697069846, 0.0009771375349373556, 0.0009403614225448109, 0.0008783592420513742, 0.0008790824518655427, 0.0008944884393713437, 0.0008993248746264725, 0.0008985822161776014, 0.0009024573300848715, 0.0008801532603683881, 0.0008586262381868436, 0.0008471124980133027, 0.0008567791650420986, 0.0008547812351025641, 0.0008714287265320309]}