{"val_loss": [0.11035119493802388, 0.18824946880340576, 0.01689331140369177, 0.01081453791509072, 0.013028077781200409, 0.012237230315804482, 0.012559411426385244, 0.007640637923032045, 0.010500501841306686, 0.009759467716018358, 0.009020831746359667, 0.006824904587119818, 0.006221117141346137, 0.0038211384477714696, 0.0020077117951586843, 0.0037201399294038615, 0.0026853340677917004, 0.003403625994299849, 0.0033530044990281263, 0.002221011867125829, 0.0024803318083286285, 0.0020096477043504515, 0.0017511911767845352, 0.0013986520158747833, 0.0020848403607184687, 0.00131377923147132, 0.0017466962259883683, 0.0011263075672710936, 0.0008573496015742421, 0.0010895713542898495, 0.000759962402905027, 0.0009861168994878728, 0.0007856053998693824, 0.0007370865787379444, 0.0008858220535330474, 0.0010059194755740464, 0.000761105581962814, 0.0009763673879206181, 0.0007509028655476868, 0.0007026056409813464, 0.0007650203964052101, 0.0008854665405427417, 0.0008887543226592243, 0.0007301976826662818, 0.0007326781439284483, 0.0007196158015479645, 0.0006777943344786763, 0.0013982569410776098, 0.0007578833028674126, 0.0006592837162315845, 0.0006189298001118004, 0.0006297048724566897, 0.0011147516779601574, 0.0006320272805169225, 0.0006391943898051977, 0.0006559485724816719, 0.0006322655632781485, 0.000694165452538679, 0.0006142546577999989, 0.000824044574983418, 0.000601197883952409, 0.0006041627105635902, 0.0008544494242717823, 0.0008554842012623946, 0.0007560483839673301, 0.0007445669228521486, 0.0009893686316596966, 0.0007103547104634345, 0.0010526583064347506, 0.0006504873745143414, 0.0006046619382686913, 0.001198971566433708, 0.0007323057895215849, 0.0006634604457455376, 0.0006816505726116399, 0.0006901842425577343, 0.0006036435758384565, 0.0006040507772316536, 0.0006714109525394937, 0.0006412528649282953, 0.0005923324497416615, 0.0007427586436582109, 0.0006158805917948484, 0.0006404710196269056, 0.000887950494264563, 0.000684503698721528, 0.0007788583752699196, 0.0005863286011541883, 0.000618401177537938, 0.0006084652462353309, 0.0005991606352229913, 0.0006769620619403819, 0.0006031900411471725, 0.0005955950085384151, 0.0007573859572100142, 0.0006218229536898434, 0.0010102998348884284, 0.0006480132190821072, 0.0005810128835340341, 0.0006442979987089833], "loss": [0.2029855180727808, 0.09321450520502894, 0.0458735117786809, 0.029663448957236188, 0.016930949972256235, 0.01109850274300889, 0.0076659957780257654, 0.00495856162160635, 0.0033553042449057102, 0.0028824665044483388, 0.001959692778703021, 0.0019239612217796477, 0.0018370736659945625, 0.0015204704893556865, 0.0015304715519672946, 0.0015150539111346006, 0.0013830837346368323, 0.0012920522590559955, 0.001209441217054662, 0.0012331860366669532, 0.0009961181203834713, 0.0010739836939855625, 0.00103973575843204, 0.0010306696088886575, 0.0010322502103487128, 0.0009589296563430444, 0.0009804022847674787, 0.0009616271617185129, 0.0008951012063526401, 0.0009160382722161318, 0.0008875802006131332, 0.0009345917588737058, 0.0008698587495784618, 0.0009354593900130375, 0.0008280376634119373, 0.0008922582216511824, 0.000733037666099048, 0.0007782204867046522, 0.000827029506724916, 0.0008245337828013458, 0.000733164457702323, 0.0007754232532246725, 0.0007740012707041675, 0.000723676887757488, 0.0007132201633220049, 0.0007959435828716347, 0.00073319019467913, 0.0006899208130658065, 0.0007391961162762815, 0.0006790417185249297, 0.0007103223638535526, 0.0007356695775677892, 0.0007318558514510331, 0.000725948316118631, 0.0006881581870593914, 0.0006421902125064088, 0.0007340105857062889, 0.0007112611661125955, 0.0006646595766620809, 0.0006831854376574292, 0.000675274304261333, 0.0006816233538924472, 0.0006851915478412258, 0.0006636764890955467, 0.0006760117110771764, 0.0006660120959981884, 0.0007193121893674528, 0.0006644286898479454, 0.0006276965937822273, 0.0007410407813854123, 0.0006575822373729592, 0.0006244468616052089, 0.0006358101198106612, 0.000656389525638109, 0.0006257090242702122, 0.0006399211767864855, 0.0006803001834716844, 0.0006524570543613089, 0.000657418255669702, 0.0006455217953771353, 0.0006558124686738378, 0.0006578877540672884, 0.0006133784987277499, 0.000626796625223697, 0.0006329403595851833, 0.0006464194402245706, 0.0006428696996360822, 0.0006389364594054458, 0.0006597692247994832, 0.0006429991396879288, 0.0006272083019690686, 0.0006143634948928497, 0.0006316507474127176, 0.000645558199673695, 0.0006099046057849927, 0.0006041773977861004, 0.0006166172051483667, 0.0005785546841491994, 0.0006088979961963272, 0.0005912820465470615]}