{"1": {"Model": "40filter2layer1day0drop0.5rdrop", "Avg": 0.02167445872682034, "Max": 0.04136798312352691, "Min": 0.015308236685761497}, "2": {"Model": "60filter2layer1day0.1drop0.5rdrop", "Avg": 0.021901002799418243, "Max": 0.04455546853035167, "Min": 0.015099041610350888}, "3": {"Model": "80filter2layer2day0.1drop0.5rdrop", "Avg": 0.023453283311811353, "Max": 0.041734979726102496, "Min": 0.017212449327544253}, "4": {"Model": "40filter2layer2day0.1drop0.5rdrop", "Avg": 0.02459102419222276, "Max": 0.04848118378260834, "Min": 0.015848566200203067}, "5": {"Model": "80filter2layer2day0drop0rdrop", "Avg": 0.02502427214042881, "Max": 0.04784269171340186, "Min": 0.01574412497985795}, "6": {"Model": "60filter2layer1day0drop0.5rdrop", "Avg": 0.02524470407747243, "Max": 0.0453165380131855, "Min": 0.017585956002605114}, "7": {"Model": "80filter2layer1day0.1drop0.5rdrop", "Avg": 0.025489089709448305, "Max": 0.051691275311498405, "Min": 0.016849446022875192}, "8": {"Model": "60filter2layer2day0.1drop0.5rdrop", "Avg": 0.026337080864090263, "Max": 0.045405548546356526, "Min": 0.016737108654929587}, "9": {"Model": "40filter2layer1day0.1drop0rdrop", "Avg": 0.027270380998446482, "Max": 0.055014352893809855, "Min": 0.019374527572547852}, "10": {"Model": "80filter2layer1day0.1drop0rdrop", "Avg": 0.029012524326182138, "Max": 0.06575436733853957, "Min": 0.017594709065545503}, "11": {"Model": "40filter2layer2day0drop0.5rdrop", "Avg": 0.029394486900452387, "Max": 0.061883976248335845, "Min": 0.020657045632664066}, "12": {"Model": "40filter2layer1day0.1drop0.5rdrop", "Avg": 0.029640343290272163, "Max": 0.061866776012368285, "Min": 0.019132861606041458}, "13": {"Model": "80filter2layer2day0drop0.5rdrop", "Avg": 0.03039588331139021, "Max": 0.06109243848866724, "Min": 0.019148748323396976}, "14": {"Model": "60filter2layer2day0drop0.5rdrop", "Avg": 0.03149946846401635, "Max": 0.05126484969448545, "Min": 0.02474146741970272}, "15": {"Model": "80filter2layer2day0.1drop0rdrop", "Avg": 0.03229773327118708, "Max": 0.07249326451082018, "Min": 0.01905488142120458}, "16": {"Model": "80filter2layer1day0drop0.5rdrop", "Avg": 0.033775344347039396, "Max": 0.05052804588347839, "Min": 0.017827881876893974}, "17": {"Model": "80filter2layer1day0.1drop0.8rdrop", "Avg": 0.03506040730373444, "Max": 0.06365045336795937, "Min": 0.02432232131508869}, "18": {"Model": "40filter2layer2day0drop0rdrop", "Avg": 0.03671550451036301, "Max": 0.06604598796347011, "Min": 0.023637665216293895}, "19": {"Model": "60filter2layer2day0drop0rdrop", "Avg": 0.047169830075886335, "Max": 0.081207143124506, "Min": 0.029695331054302648}, "20": {"Model": "40filter2layer1day0.1drop0.8rdrop", "Avg": 0.04890720229443273, "Max": 0.11546497225640605, "Min": 0.02910493758415286}, "21": {"Model": "60filter2layer1day0drop0.8rdrop", "Avg": 0.05214915860162045, "Max": 0.12113543472679238, "Min": 0.02596820539392841}, "22": {"Model": "60filter2layer1day0drop0rdrop", "Avg": 0.05263492013316129, "Max": 0.07668475800032384, "Min": 0.03355657416721747}, "23": {"Model": "60filter2layer1day0.1drop0rdrop", "Avg": 0.05520721188403279, "Max": 0.06492377065271042, "Min": 0.04407783638375544}, "24": {"Model": "60filter2layer1day0.1drop0.8rdrop", "Avg": 0.05608932061873127, "Max": 0.0965202983931611, "Min": 0.02928878378898985}, "25": {"Model": "60filter2layer2day0.1drop0rdrop", "Avg": 0.05690964688771725, "Max": 0.06548970443713363, "Min": 0.049026401808263634}, "26": {"Model": "80filter2layer1day0drop0.8rdrop", "Avg": 0.06101517606358318, "Max": 0.1475973773792862, "Min": 0.0335718707460351}, "27": {"Model": "40filter2layer1day0drop0.8rdrop", "Avg": 0.06637331623902806, "Max": 0.1521579724654615, "Min": 0.03596040744332568}, "28": {"Model": "80filter2layer2day0drop0.8rdrop", "Avg": 0.072486849321337, "Max": 0.1580120623473775, "Min": 0.04576454113711319}, "29": {"Model": "40filter2layer2day0.1drop0rdrop", "Avg": 0.07250014971809053, "Max": 0.074993897715258, "Min": 0.06898306264716485}, "30": {"Model": "40filter2layer2day0.1drop0.8rdrop", "Avg": 0.07352411944415396, "Max": 0.151691762202381, "Min": 0.04973555233154719}, "31": {"Model": "60filter2layer2day0.1drop0.8rdrop", "Avg": 0.07517615566125481, "Max": 0.15870715752272144, "Min": 0.04628083887170141}, "32": {"Model": "80filter2layer2day0.1drop0.8rdrop", "Avg": 0.07737996146338288, "Max": 0.15627520522716587, "Min": 0.05377416915786018}, "33": {"Model": "60filter2layer2day0drop0.8rdrop", "Avg": 0.0829780044774041, "Max": 0.16002348368210575, "Min": 0.05680760069262103}, "34": {"Model": "40filter2layer2day0drop0.8rdrop", "Avg": 0.09284519639703624, "Max": 0.15432787374854923, "Min": 0.07549539305477501}, "35": {"Model": "40filter2layer1day0drop0rdrop", "Avg": 0.14697981732751259, "Max": 0.16742154322112773, "Min": 0.1086367030820821}, "36": {"Model": "80filter2layer1day0drop0rdrop", "Avg": 0.23605762223462037, "Max": 0.26958914743793166, "Min": 0.1667363504626548}}