{"val_loss": [0.0005695079841340581, 0.0007427440335353216, 0.0006877521712643405, 0.000577145799373587, 0.000705238509302338, 0.0005550575830663244, 0.0005440616126482686, 0.0007271516369655728, 0.0006897096560957531, 0.0005641707684844732, 0.0005826271953992546, 0.0005692629298816124, 0.0007649898761883378, 0.00055623275693506, 0.0006672096981977423, 0.0005673548633543154, 0.000561596166032056, 0.0007904081721790135, 0.0005685223926169177, 0.000570541073102504, 0.0005801415148501595, 0.0007576923041294018, 0.0006248910212889314, 0.0007709342365463575, 0.000858542489974449, 0.0005455426677751044, 0.0005967496157002946, 0.0007117800608587762, 0.0008972892149661978, 0.000725448364391923, 0.0007156025191458563, 0.0005298178875818849, 0.000613644951954484, 0.0009170836419798434, 0.0006486347022776803, 0.0005771725748976072, 0.0005754092708230019, 0.0005276876230103275, 0.0007791561656631529, 0.0006447497677678863, 0.0006205178797245026, 0.0007014772272668779, 0.0009633126901462674, 0.0005320352114116152, 0.0005314367396446565, 0.0005811787947701911, 0.0005905967749034365, 0.0006340939435176551, 0.0005965183178583781, 0.0007441401830874383, 0.0006021988810971379, 0.0005886298798335096, 0.0005862494775404533, 0.0006288668567625185, 0.0006633011895852784, 0.000634768531502535, 0.0008168653196965655, 0.0008755992942800125, 0.0006306785702084502, 0.000720806458654503, 0.0005508140893653035, 0.0005215062798621753, 0.0005211458192206919, 0.0007800192300540706, 0.0006854607490822673, 0.0005354655828947822, 0.000538863183464855, 0.0005502286173092822, 0.0006185674186175069, 0.0005785002334353825, 0.0005393370520323515, 0.0005817148873272041, 0.0005943052431878945, 0.0006809686698640386, 0.0008415077269698182, 0.0006833885951588551, 0.0005926161538809538, 0.0005197428787748019, 0.0005358437192626297, 0.0006946418822432557, 0.0005450782676537832, 0.000621044096381714, 0.0006437365470143656, 0.0007681060039127866, 0.0006590375172284743, 0.0006561209253656367, 0.0005175197341789802, 0.0005820177417869369, 0.0006417336214023331, 0.0005887729348614812, 0.0006604392547160387, 0.0007586339876676599, 0.0005370945242854456, 0.0005222278414294124, 0.0007185242914905151, 0.0005556840333156288, 0.0005673725584832331, 0.0006195283494889736, 0.0005185217208539447, 0.0005203023708115021], "loss": [0.0008080463373550663, 0.0007607232330849877, 0.0007894355501910603, 0.000755419185022927, 0.0007568820922945937, 0.000743167479177592, 0.0007560925226210168, 0.0007462649071520125, 0.0007578150403720361, 0.0007236237784295723, 0.0007367602385649527, 0.0007278553093783557, 0.000728152526318337, 0.0007337867454798133, 0.0007409642760952314, 0.0007441200971327446, 0.0007211295219517693, 0.000701240593722711, 0.0007001198504844473, 0.0007487537309147969, 0.0007289106724783778, 0.0007152153260971385, 0.0007187558221630752, 0.0007471458671649021, 0.0007689318477383091, 0.000741564535052964, 0.0006954884350610276, 0.0007121972933722039, 0.000691585180228921, 0.0007075215538929182, 0.0007236644936104616, 0.0007131181256328193, 0.0006811596955500405, 0.0007112918926092485, 0.0007321792051058124, 0.0006961258283505837, 0.0006883718230744341, 0.0006580270149883021, 0.0006920224275543458, 0.0006981744361972367, 0.0007028149600416698, 0.000681198525449468, 0.0006956723518669605, 0.0006622356854172216, 0.0006919561829245477, 0.0006989410246239493, 0.0006823346290426949, 0.0006698395742137951, 0.0006742896447475585, 0.0006558245103978725, 0.0006366448921013485, 0.0006754890674966629, 0.0006563304858799609, 0.0006929628456149388, 0.000661943879633866, 0.0006617816160777929, 0.0006888415987810327, 0.0006994551319318513, 0.0006610244788505413, 0.0006790026597661415, 0.0006629732174419418, 0.0006777846418252146, 0.0006625270988378259, 0.0006586541852879303, 0.0006486592831573, 0.000690509280603793, 0.0006452566379232814, 0.0006347716186644027, 0.0006487394793010834, 0.0006689110477627428, 0.0006423391664780125, 0.0006644363791026451, 0.0006649105785914731, 0.000632647207196526, 0.0006771925966151886, 0.0006578513615143796, 0.000670444885380911, 0.0006646778029217212, 0.0006584406343150746, 0.000632064930094337, 0.0006350008382772406, 0.0006711227211376859, 0.0006428816198388597, 0.0006346384848088577, 0.0006262563013782104, 0.0006704914396525257, 0.0006508503402410834, 0.0006498764107365989, 0.0006421312681157832, 0.0006282018148340285, 0.0006559338815148092, 0.000632070553601133, 0.0006608741284624018, 0.0006595335564472609, 0.0006327318939535568, 0.0006518341801387982, 0.0006384504829636879, 0.0006243296137890192, 0.0006468852850418814, 0.0006291837996320317]}