{"val_loss": [0.002775531611405313, 0.0025301139879350862, 0.002754550970469912, 0.0030599087088679275, 0.0027714061240355172, 0.002667977591045201, 0.002703443829280635, 0.0022836955031380057, 0.0022492152250682316, 0.002134446151709805, 0.00210443486381943, 0.0021124768730563423, 0.004538088105618954, 0.0034911102848127484, 0.0033831267695253095, 0.004204408382065594, 0.0024961383314803243, 0.002672055891404549, 0.002541920131382843, 0.0029994355281814933, 0.0031497101299464703, 0.004550892626866698, 0.0023551923610890904, 0.002712802573417624, 0.0023542563042913875, 0.0025051849661394954, 0.0024292700303097567, 0.0026285864878445864, 0.002708112782177826, 0.0030102210585027933, 0.003473035952386757, 0.00290917717696478, 0.0038348606321960688, 0.004008677555248141, 0.003559515035400788, 0.003186368073026339, 0.003549623458335797, 0.002834084560163319, 0.003031664644367993, 0.0033752088202163577, 0.004244848348510762, 0.0032306882397582135, 0.002892992653263112, 0.0031979274936020374, 0.0039208196103572845, 0.005047729471698403, 0.0050743800432731705, 0.0036626708460971713, 0.002788848204848667, 0.0028468508583803973, 0.0029856665836026273, 0.0028334743110463023, 0.009454146105175218, 0.004951811007534464, 0.005342965635160605, 0.004978902909594278, 0.0030363225766147175, 0.008078664386024078, 0.007968931381280223, 0.007318257431810101, 0.0072455972743531065, 0.010541954388221106, 0.009450100672741732, 0.012552663528670868, 0.007210036662096779, 0.005338014801964164, 0.006091155887891849, 0.005178442224860191, 0.004893172532320023, 0.0028999478866656623, 0.003355982441765567, 0.004034180232944588, 0.002885950457615157, 0.0026796890888363123, 0.003361724317073822, 0.007230424710238974, 0.019830085958043735, 0.0067788703211893635, 0.006666616924727957, 0.009252624431004127, 0.012212110528101524, 0.007878251606598496, 0.008376494981348515, 0.006812217024465402, 0.009568762267008424, 0.009169821937878927, 0.009256093762814999, 0.005034894372026126, 0.003378919675014913, 0.0029533528722822666, 0.0036215638974681497, 0.0036574286641553044, 0.004572196863591671, 0.004040696270142992, 0.0077602431022872525, 0.007202354182178776, 0.0028880827982599535, 0.003175654409763714, 0.005772254352147381, 0.004057670206141968], "loss": [0.0030670231898073798, 0.0030528851008663573, 0.0030471383878547284, 0.003118564426485035, 0.003052335823196228, 0.00298974206412418, 0.0030084873713483967, 0.003021356369437719, 0.002892706107727631, 0.0029957672512089767, 0.002991166280548054, 0.002978376371579038, 0.0030186585176529158, 0.002974828571529576, 0.0030393628834712283, 0.003068485698248777, 0.0030933792263062466, 0.0030455850194104845, 0.0030657583114656584, 0.0030780239893054523, 0.0031012098684355064, 0.003124320538955982, 0.0031381515587714536, 0.0030590601532754524, 0.003060724448274683, 0.003038581107156696, 0.003095576470648801, 0.0030888121583740468, 0.003048675626309382, 0.0031704965340732423, 0.003126334920698018, 0.003125904718655403, 0.0031023198022955547, 0.0031212074940817226, 0.003112997126731056, 0.0031167280739518226, 0.003138958579964108, 0.0030908862956696087, 0.003136154238341583, 0.0031057253341983866, 0.0030653879080933554, 0.003057371661135996, 0.003055829541861183, 0.00308839769826995, 0.0031512235679353275, 0.0030518248375436224, 0.0031419578094587283, 0.003093488497176656, 0.0031199054878756956, 0.0030464571728198615, 0.003100267158717745, 0.0031279165004552516, 0.00323041335300163, 0.003247311843248705, 0.0032207839734231434, 0.0032034397418438283, 0.0031965541075570166, 0.003108443765625082, 0.003038914287807765, 0.0031421429658722547, 0.0030803770620237898, 0.0031321245478466153, 0.003235532057092146, 0.00320493764485474, 0.003153771800161512, 0.0031545689734802755, 0.0031445340287906153, 0.0031796747094227206, 0.00322560993609605, 0.003226423912026264, 0.003249010325547446, 0.003238216728075511, 0.003215298224757943, 0.003359579537236304, 0.0033052199934091833, 0.0032670291537349977, 0.003326683469047701, 0.0033273798051393693, 0.0033146926132893123, 0.0032687604780895292, 0.0033192081092339423, 0.0033008576914047203, 0.0033866707063107578, 0.0033179648367136164, 0.003311279005612488, 0.0032684603766365734, 0.00325542368012032, 0.003236323263047746, 0.003168759643341656, 0.0032692035073759377, 0.0031943428631940923, 0.003257284294468937, 0.0032212807003546644, 0.0032801263560368506, 0.003188077407820081, 0.0032013452016851967, 0.0032250298859758508, 0.003248160601490074, 0.0032191591259712973, 0.003243298287055007]}