{"val_loss": [0.0006934282428119332, 0.000752448831917718, 0.0009223183442372829, 0.0005798461109710237, 0.0007347794986950854, 0.0005593969108304009, 0.0006389268867981931, 0.0006166860111989081, 0.0006493004912044853, 0.0007353490606571237, 0.0006815571105107665, 0.0007882421875062088, 0.0005238320833692948, 0.0007523918175138533, 0.0005509301117854193, 0.0007235653562626491, 0.0008585601462982595, 0.0006099651800468564, 0.0006355426836914072, 0.0007957105990499258, 0.0005377130582928658, 0.0006954857187035183, 0.000669963046675548, 0.0005398872793496897, 0.0006173744720096389, 0.0005330180380648623, 0.0008791742050865045, 0.0006419384056547036, 0.0005835987297662845, 0.0005947749596089125, 0.0005193865896823505, 0.0006681110923333714, 0.0006898414188375076, 0.0005623625863033036, 0.0007795002699519197, 0.0007004515015675375, 0.0005794851943695297, 0.0005571537476498634, 0.0005532573947372536, 0.0005836872636185338, 0.0006187348820579549, 0.0005962604094141474, 0.000580622184012706, 0.000537025475447687, 0.0005576983870317539, 0.0005548858753172681, 0.0006238775968085974, 0.0005854023232435187, 0.0005425649045112854, 0.0006164943430727968, 0.0005860221572220325, 0.0007749973932125916, 0.0006016586557962, 0.00053152754844632, 0.0007280394687162092, 0.0006673578852011511, 0.000640909643455719, 0.0007143937109503895, 0.0005872804904356599, 0.0005343664427831148, 0.0007139653995788345, 0.0005465454984611521, 0.0006725829152856022, 0.0006507154709349076, 0.0005145833129063249, 0.0006810623162891716, 0.0006263252968589464, 0.0006359343824442476, 0.0006919696752447635, 0.0005362920686214542, 0.000737643800675869, 0.0006720887225431701, 0.0008182510112722715, 0.0006310308332710216, 0.000759902245287473, 0.0005864231789018959, 0.0005131946818437427, 0.0007172555003004769, 0.0005349757023698961, 0.0008259187937558939, 0.0006602927654360732, 0.0005651839213290563, 0.0005720308011708161, 0.0006378643156494945, 0.0005685406698224446, 0.0006006356949607531, 0.0005581384029937908, 0.0006448240601457655, 0.0007746640185359865, 0.0005174121470190585, 0.0006326506263576448, 0.0005268503737170249, 0.0005435655136049414, 0.0007527133469314625, 0.0006194044835865498, 0.000582568939231957, 0.0005645893009689947, 0.0005753842900351932, 0.0005214416645079231, 0.000562656243952612], "loss": [0.0006421733312351905, 0.0006187147626877521, 0.000629480022191139, 0.0006203184160835075, 0.000613738896963359, 0.0006262992198268572, 0.0006294342795930182, 0.0006177663890412077, 0.000619117035832325, 0.0006138660181831154, 0.0006299612529498214, 0.0006080076666505731, 0.0006087145949196485, 0.0006221649366327458, 0.0006173808937159332, 0.0006082818209607569, 0.0006090753169566462, 0.0006188101488751945, 0.0006110992533784291, 0.000601285019203917, 0.0005884397030092293, 0.000600718750286399, 0.000596522480784053, 0.0006207687698339147, 0.0005951273751971139, 0.0006094904448319641, 0.0006055041195833366, 0.0005984250509990725, 0.0005902323065567072, 0.000596679770818877, 0.0006102581224964793, 0.0005910205428436813, 0.0006015365021691347, 0.0006005525889728839, 0.0006019323142633463, 0.0005842221710028955, 0.0005943021781233794, 0.000588254671095422, 0.0005836597028300511, 0.0006129669361851282, 0.0006002651697835299, 0.0005922580506497374, 0.000578024726968983, 0.0005866391363303626, 0.0005995473469805869, 0.0005778570522562842, 0.0005847566601544342, 0.0005859582780868988, 0.0005845170375390875, 0.0005909610966530939, 0.0005881079010173886, 0.0005843804732042676, 0.0005836089554510114, 0.000585993641396743, 0.0005826214317629045, 0.0006039357211665009, 0.0005874989998388897, 0.0005764111033554569, 0.0005749927669832552, 0.0005716713176634921, 0.0005825420823250035, 0.0005803551752318594, 0.0005789847486152279, 0.0005796046833792287, 0.0005640194862347993, 0.0005854919199245396, 0.0005678009738740339, 0.0005848633989915941, 0.000576324370167977, 0.000572338254035761, 0.0005757109886164673, 0.0005727860741360389, 0.0005623407077682377, 0.0005661378435669812, 0.0005754333450803879, 0.0005617038981721702, 0.000579040724982473, 0.0005722277446356775, 0.0005675119674480003, 0.0005603546672285086, 0.0005787812519378753, 0.000568159599896279, 0.0005700951474460049, 0.0005675590666079963, 0.0005605512000059847, 0.0005687900244353201, 0.0005722953463663105, 0.0005870318154511215, 0.0005634086809112449, 0.0005603426047687039, 0.0005656610290450906, 0.0005637569772295171, 0.000561328044838134, 0.0005661062669888553, 0.0005682962865749788, 0.0005604853617518933, 0.000560870981576887, 0.0005685637728742289, 0.000559387426215431, 0.000565649796044454]}