{"val_loss": [0.0005196187024315199, 0.0005845430617531141, 0.0006971264374442399, 0.000566595020548751, 0.0005700039522101482, 0.0007547393518810471, 0.0006193718290887773, 0.0005348675379840037, 0.0005799717231032749, 0.000576529399647067, 0.0005562360941742858, 0.0005701400223188102, 0.000622354137400786, 0.0005279657586167256, 0.0005632143390054504, 0.000530392222572118, 0.0007777614907051126, 0.000570675164150695, 0.000556406759036084, 0.0005120964099963506, 0.0005832832733479639, 0.0007745976326987147, 0.0006723485615414878, 0.0005979054452230533, 0.0005291347430708507, 0.0005211471968020002, 0.0005209489609114826, 0.0006432410834046701, 0.0005124965294574698, 0.0014958670750881236, 0.0005377529305405915, 0.0005387438965650896, 0.0005972126770454148, 0.0006600666480759779, 0.0006974717834964395, 0.0005106293635132412, 0.0005289112450554967, 0.0005464060426068803, 0.0005458659143187106, 0.0005281530902720988, 0.0005087009049020708, 0.0005830098525620997, 0.0005437267439750334, 0.000698249515456458, 0.0005306191742420197, 0.0008752469633085033, 0.0005671621571915845, 0.0005272463895380497, 0.0005970506269174317, 0.000526806436634312, 0.0006351918370152513, 0.0004948524486583968, 0.0005307462221632401, 0.0005649008283702036, 0.0005949112431456646, 0.0005248742721353968, 0.0005948637650969127, 0.0005188207724131644, 0.0005933595433210334, 0.0005154556905229887, 0.00048826330263788503, 0.0005332211731001735, 0.0008297944441437721, 0.0004904078377876431, 0.0005048046393009523, 0.0005124170371952156, 0.0005083462650266787, 0.0005411851840714613, 0.0005027529453703513, 0.0005027527028384308, 0.0004944054235238582, 0.0005501346119369069, 0.00048481592481645447, 0.0004902714281342924, 0.0005049684550613165, 0.0005318733747117221, 0.0005801527877338231, 0.000490601397662734, 0.0006866111070849001, 0.0005021547549404204, 0.0004906559285397331, 0.0005618407546232144, 0.0005366232168550292, 0.0005079710390418768, 0.000679943923993657, 0.00048554159002378583, 0.0005203690379858017, 0.0020079187816008925, 0.0006589712381052474, 0.0005542878449584047, 0.0005655441782437265, 0.0005149368856412669, 0.00060233559149007, 0.0005946100379029909, 0.0005768285094139477, 0.0005300817817139128, 0.0005890256337200602, 0.0005130186715784172, 0.0004952555949178835, 0.0005479343623543779], "loss": [0.0006665684340987355, 0.000595485638499398, 0.0005601758840148923, 0.000583312037633732, 0.0006217799349946694, 0.0005444098162654511, 0.0005560930434579926, 0.0005901965551957902, 0.0005716708083464591, 0.0005720183964715236, 0.0005797448781474183, 0.000556833441671053, 0.0005593206873594749, 0.0005771720715091322, 0.0005515465303755331, 0.0005475221421673066, 0.000554498634301126, 0.0005499102041573713, 0.0005501851900825622, 0.0005375365920675298, 0.0005370169571876802, 0.0005590911583836984, 0.000580906617903599, 0.000539415936347925, 0.0005427587742882746, 0.0005526570538576278, 0.0005572652940086469, 0.0005500430933251563, 0.0005346026112049542, 0.0005480810769195496, 0.0005509744158997717, 0.0005380578858657154, 0.0005346063472744492, 0.0005259218073829457, 0.000530176742123095, 0.0005123166645514882, 0.0005640384904971277, 0.0005264129366777423, 0.0005294478000400381, 0.0005351901819705274, 0.0005277346030602024, 0.0005398690689751809, 0.000538001080578262, 0.000518356878914077, 0.0005277371124571396, 0.0005221464164572319, 0.0005295440970695819, 0.0005141214017014674, 0.0005268528087375065, 0.0005230148909268555, 0.0005364577734359989, 0.0005080886681012258, 0.0005130537697200284, 0.0005293795375446616, 0.0005075191848273216, 0.0005172393198504493, 0.0005188153192176725, 0.0005173854749753244, 0.0005110841755393065, 0.0004972525445433954, 0.000523243782852121, 0.0005186280285232459, 0.0005087211396096757, 0.0004996250640100765, 0.0005114088934432301, 0.0004939461877155635, 0.0005138099961051786, 0.0005091153596165694, 0.0005046729541694125, 0.0005111612220018826, 0.0005188127257430029, 0.0004904889630981617, 0.0005252223496359808, 0.0004988930142846786, 0.0005081449301171772, 0.0004900255589745939, 0.0005001672565143694, 0.0005110172723006043, 0.00048686939300279374, 0.0005067441120950712, 0.0004895923635491205, 0.0004979717842717138, 0.0005146064429061005, 0.0005009980954195338, 0.00048296469807003933, 0.0005082153797115165, 0.0004944155775269286, 0.0005006298672890773, 0.0005001061341587316, 0.0004932873341237644, 0.0005020054134850701, 0.0004912057893643914, 0.0004911697329522145, 0.000545249050008823, 0.00048327878014081053, 0.0004997242218383622, 0.0004889776259746954, 0.0004900511304623689, 0.0004973542505737256, 0.0005015463199621687]}