{"val_loss": [0.0006459073920268565, 0.000519814847696883, 0.0005190324445720762, 0.0005133477437387531, 0.0005137361343561982, 0.000504446691290165, 0.000516369099689958, 0.0005358298561380556, 0.0005894460191484541, 0.0005038685145943115, 0.0004987173209277292, 0.000526511289839012, 0.0005973116979779055, 0.0005204099191663166, 0.0005236994572139034, 0.00051104613521602, 0.0004975206102244556, 0.000523742074922969, 0.0004970159255511438, 0.0006056510610505939, 0.0005025722542389607, 0.000547027996314379, 0.0004957733278085167, 0.0004999893232403944, 0.0005344831539938847, 0.0006589796588135263, 0.0005306314754610261, 0.0005110393103677779, 0.000521793044754304, 0.0004965424304828048, 0.0005289279555048173, 0.0005726173306660106, 0.0005291925966351604, 0.0005971515201963484, 0.0005351032256536806, 0.0005747173369551698, 0.0006791401344041029, 0.0005899538227822632, 0.0005134001597374057, 0.0005512685650804391, 0.0005247316294116899, 0.0006136085430625826, 0.0004942884455279758, 0.000503079800788934, 0.0004989364727710685, 0.0005602747599671906, 0.0005121085511442894, 0.00052187329371615, 0.0005043288789844761, 0.0005818644616131982, 0.0004949601182791715, 0.0005066803617713352, 0.0005184323575425273, 0.0005195189878577366, 0.0005913700733799487, 0.0005173220270080492, 0.0007549694079595307, 0.0005187395581742749, 0.0004872496744307379, 0.0005354359842992077, 0.0004875009957080086, 0.0004867558309342712, 0.0005043958032426114, 0.0005451331671793014, 0.0005046403384767473, 0.0005692250366943578, 0.0005046103906352073, 0.0005199588631512597, 0.0004948621693377694, 0.0005372138596915951, 0.0005010031454730779, 0.0004983163671568036, 0.0004938141501042992, 0.0005103338965758061, 0.0004936449452846622, 0.000492843784741126, 0.0005016544697961459, 0.0004954625280030692, 0.0005127804518754905, 0.0005256911147929108, 0.0004984626333074024, 0.0005290521900557602, 0.0004886069267134493, 0.0005011015891795978, 0.0004889443274199342, 0.0005289962330910688, 0.0005138435953995213, 0.0005117066806027045, 0.0005012592009734362, 0.0004871160926995799, 0.0005709136457880959, 0.0005172330420464277, 0.0005294293077895418, 0.0005525264423340559, 0.0004837798624066636, 0.0004857458940629537, 0.00048127162153832614, 0.000482888188950407, 0.0005449575401144102, 0.000483740252093412], "loss": [0.0005614600980792333, 0.0005557935413283607, 0.0005428123576739044, 0.0005392232506656674, 0.000543975836114475, 0.0005413318183316194, 0.0005379189333999184, 0.0005284546355984208, 0.0005511243960225127, 0.0005347493882894654, 0.0005304710917968165, 0.0005423828535842606, 0.0005348068166144744, 0.0005368386687391817, 0.0005280006627328004, 0.0005317256560643997, 0.0005249297063090597, 0.0005277426567368417, 0.0005250564944516453, 0.0005275434437121645, 0.000528652921612202, 0.0005222541362012702, 0.0005221054754521767, 0.0005266705228239987, 0.0005186302005313337, 0.000515609862675235, 0.000514807859737495, 0.0005260454000327391, 0.0005162152482188065, 0.0005168751851198505, 0.0005207693956671628, 0.0005136754997592005, 0.0005073415350462137, 0.0005205267893702343, 0.0005163159124397984, 0.0005137372047304072, 0.0005081931756447173, 0.0005142721665497111, 0.0005315708209915707, 0.0005093086349208736, 0.0005171043977262107, 0.0005049124905511875, 0.0005125787914342558, 0.0005114306496344161, 0.0005054587527411059, 0.0005070145443487154, 0.0005070049611040977, 0.0005009061230036119, 0.0005071887318519186, 0.0005137622383362786, 0.0005034810305072891, 0.0005096175084839126, 0.0005053155484212632, 0.0005025727964325428, 0.0005063005939721026, 0.0005051387555862742, 0.0005006814699973566, 0.0004958741192240268, 0.0005015342240868551, 0.0004956394765974471, 0.0005007603327545372, 0.0004958470612850592, 0.0004991526333873884, 0.0005037678541460385, 0.0004927699375440608, 0.0005018369890792572, 0.0004997407991646065, 0.0004970988773965035, 0.0004946406676296007, 0.0004969977340402289, 0.0004963674350788265, 0.0005002659098762604, 0.0004905954971305888, 0.0005020795323178862, 0.000492106465605536, 0.0004954179522529659, 0.0004914202463287102, 0.0004971926650291102, 0.0004970299649155802, 0.0004917615588055924, 0.0004911987171335904, 0.000495018026817383, 0.0004977428454569437, 0.0004947216172392169, 0.0004885975628254797, 0.0004938966993466709, 0.000489743857071045, 0.0004922682257731342, 0.000481064680368743, 0.0004963769902975333, 0.0004842727605676003, 0.0004944115558087274, 0.0004857340110767702, 0.0004919650743465388, 0.0004908249053793649, 0.0004899939743120706, 0.00048088665708847757, 0.00048606136072151086, 0.00048639933757604686, 0.0004862826813391789]}