{"val_loss": [0.0005993550876155496, 0.0005641543539240956, 0.0006262461344401041, 0.000619960172722737, 0.0005317062799197932, 0.0007251167359451453, 0.0005675156911214193, 0.0005479217312919596, 0.0005389439951007565, 0.000538186247770985, 0.0005790961052601536, 0.00055648572742939, 0.0005413331091403961, 0.0005270858916143576, 0.0005569303369460007, 0.0005540561396628618, 0.0005389088182710111, 0.0005587938746126989, 0.0006232685797537366, 0.0005378106143325567, 0.0005369541856149832, 0.0005121807334944606, 0.0006020550305644671, 0.0005640437399658064, 0.0005167805356904864, 0.0005267323770870765, 0.0005137742264196277, 0.0005993184555942813, 0.0005536455816278855, 0.0005733471868249277, 0.0005650329015528163, 0.0005870732905653616, 0.0005530743316436807, 0.0005550640053115785, 0.000568769445332388, 0.0005348308865601817, 0.0005260419566184282, 0.0005243987349482874, 0.0005108184413984418, 0.0005188696668483317, 0.0005361255607567728, 0.0005654334090650082, 0.0005154956015758216, 0.0005211079842410982, 0.0005182692936311165, 0.0005740809331958493, 0.0005830842419527471, 0.0005125243333168328, 0.0005529734577673177, 0.0005779141987053057, 0.0005449296246903638, 0.000528011645656079, 0.0005399549651580552, 0.0005148670170456171, 0.0005144282088925441, 0.0006552428239956498, 0.0005654971076486012, 0.0005737309305307766, 0.0005336018317999939, 0.0007367971120402217, 0.0005590456033435961, 0.0005136238566289345, 0.000583626717949907, 0.0005224875446098546, 0.0005052513927997401, 0.0005261130281724036, 0.0005180654115974903, 0.0005967212491668761, 0.0005089529246712724, 0.0005561767999703685, 0.0005281950385930637, 0.0005978497986992201, 0.0006845547856452564, 0.0005540799854012827, 0.0005442949671608707, 0.000500885924945275, 0.0005232961654352645, 0.0005617664428427815, 0.0005080309929326177, 0.0005031554707481215, 0.000511273683514446, 0.0004978336995312324, 0.000552898175859203, 0.0004956226718301574, 0.0005133733502589166, 0.0005207058857195079, 0.0004968780170505246, 0.0005764260228412846, 0.0005052026826888323, 0.0005106986112271746, 0.000600488216150552, 0.0005194502106557289, 0.0005203232091541091, 0.0005138062406331301, 0.0005796671418162683, 0.0005068516669174036, 0.0005703489296138287, 0.0005946636277561387, 0.0005544180360933145, 0.0005476235916527609], "loss": [0.0006583328304933039, 0.000610248596381603, 0.0006176172335269965, 0.0006157789773876882, 0.0005927601132835089, 0.0005878933804558108, 0.0006583788867660418, 0.0006187647889385482, 0.0005812586190316964, 0.0006206707890938829, 0.0006144162508900519, 0.0006052463765997716, 0.000604444826927243, 0.0006118739687803167, 0.0005949268568117448, 0.0005741552525217196, 0.0005981791171641951, 0.0005903521906239567, 0.0005867705061704058, 0.000571177310862199, 0.0005834624979696753, 0.0005982281657418719, 0.0005923736381292758, 0.0005821273500461959, 0.0005858870119684272, 0.0005889769710376169, 0.0005773454635076363, 0.0005613279030917005, 0.000605285743303183, 0.0005878543522191683, 0.0005843237730139797, 0.0005926395393476856, 0.0005769259016098524, 0.0006106128911832693, 0.0005798419113960807, 0.0005636504437360498, 0.0005543664091318431, 0.0005652319232467562, 0.0005885021118619652, 0.0005723110742918733, 0.0005638488165223626, 0.0005657455045298708, 0.0005667680697688074, 0.0005644220951513422, 0.0005863736657408515, 0.0005716704806588866, 0.0005538877093284908, 0.000559513038886642, 0.0005608255106145171, 0.0005822037131077161, 0.0005365147587360332, 0.0005673191400193092, 0.0005534721411229974, 0.0005865140270476264, 0.000570414020869605, 0.0005633997013016293, 0.0005637334306137982, 0.0005636817346654694, 0.0005426499011702146, 0.0005609069733138851, 0.0005607530657909121, 0.0005695498041825851, 0.0005608886249656616, 0.0005392406709250752, 0.0005367030260256595, 0.0005581997500956748, 0.0005506307643372566, 0.0005331294518395292, 0.0005620836487246884, 0.0005419834417773893, 0.0005590039298921409, 0.0005420777371101496, 0.0005441871698066178, 0.0005537937556962586, 0.0005354961828777084, 0.0005279727844969818, 0.0005479600254653229, 0.0005632975274541726, 0.0005387800726263473, 0.0005223924031101719, 0.0005776542928759698, 0.000536539016239759, 0.0005380980556192635, 0.0005372645402396167, 0.0005506597668432665, 0.0005454639871863441, 0.0005287896891348754, 0.0005515564030415758, 0.0005302717898437684, 0.0005478406264619143, 0.0005400171546541431, 0.0005323717810420527, 0.000533556107526507, 0.000521803233789763, 0.0005396793702082639, 0.0005368369144249569, 0.0005430944449337268, 0.000545961465427859, 0.0005346704953505347, 0.0005254435646175234]}