{"val_loss": [0.0008045437183075895, 0.000673673649240906, 0.0006426659044033537, 0.0006999127896657834, 0.0006645060687636336, 0.0007446534194362661, 0.0006552130507770926, 0.00084947453190883, 0.0007538798284561684, 0.0005257971012421573, 0.0007741748995613307, 0.0005674819112755358, 0.0006342762402103593, 0.0006870776899935057, 0.0014640714507550001, 0.0006006636346379916, 0.0009947404129585873, 0.0007380807170799623, 0.0006912201545977344, 0.0005697783199138939, 0.0006626915322461476, 0.0005611704934077958, 0.0005721454799640924, 0.0011080357168490689, 0.0008727937141278138, 0.0006230113989052674, 0.0005329721025191247, 0.0006111645780038089, 0.0006158571244062235, 0.0005345813406165689, 0.0007947917814211299, 0.0006402803992386907, 0.0005354111732837433, 0.0005319924966897815, 0.0005675538656457017, 0.0006505841253480563, 0.0007380615958633522, 0.0007226653688121587, 0.0007857675567114105, 0.0007502744750430187, 0.0005364435880134503, 0.0005828561649347345, 0.0006097480654716492, 0.001213528778559218, 0.0006355897930916399, 0.000704850215697661, 0.0005070270611516511, 0.0006534592345512161, 0.0006647013457647214, 0.0005168470427937185, 0.0005256796139292419, 0.000720160596150284, 0.0006961746354742596, 0.0007241635757964104, 0.0010567758581601083, 0.0005739918075657139, 0.0005232098774285987, 0.0005619504663627595, 0.0005630360004336884, 0.000839344187018772, 0.0006415457755792886, 0.0009065321937669069, 0.0007033027844348302, 0.0007148054040347537, 0.0007220151407333711, 0.0006778484676033258, 0.0007369328523054719, 0.000683350081089884, 0.0005250777370141199, 0.0005564834136748686, 0.0005570321421449383, 0.0005635770600444326, 0.000696286209858954, 0.000625648011919111, 0.0005348324678683033, 0.0005538487457670271, 0.0006489230727311224, 0.0006367690511979163, 0.000567860814044252, 0.0006700640660710633, 0.000760005641495809, 0.0005741440982092172, 0.0005943989769245187, 0.0005272589769447222, 0.0007615766759651402, 0.0006229419377632439, 0.0005813234020024538, 0.0005947595054749399, 0.0006333299194617817, 0.0005804118991363794, 0.0005202633765293285, 0.0005869050995291522, 0.0005081588848649213, 0.000518878247627678, 0.0006064372428227216, 0.0006283197435550392, 0.0005527750084487101, 0.0006239895398418108, 0.0005675461531306306, 0.0006227089130940536], "loss": [0.0006329426002964654, 0.0006077565307754816, 0.0006031271375293188, 0.000610014515890119, 0.000603565515053493, 0.0006152686427985491, 0.0005985591000083972, 0.000602038123394811, 0.0006079197973357859, 0.0006018845074491024, 0.0006028563468673922, 0.0005906374852336874, 0.0006062320392596086, 0.000585386524714219, 0.0006046061963489694, 0.0005841151125625604, 0.0006032356182846275, 0.000586677737710825, 0.0005937070926409904, 0.0005899899336293822, 0.0005777946283126732, 0.0005950005628013363, 0.0005896125846818366, 0.0005894349478357644, 0.0005918856709117621, 0.0005820336464913217, 0.0005808197602164, 0.0005847751604893279, 0.0005965542093488491, 0.0005733529035717731, 0.0005877670078512488, 0.000576871109337339, 0.0005693044001452142, 0.0005674980364144883, 0.0005834705370943993, 0.0005755624167957447, 0.0005770415936475965, 0.0005894441349449119, 0.0005834566540283116, 0.0005776413718531667, 0.0005827142422613515, 0.0005670238223737451, 0.0005637581931228784, 0.0005773253694685452, 0.0005632349439784539, 0.0005661767494597438, 0.0005836667707491735, 0.0005724763845878273, 0.0005667320613240547, 0.0005696001435690387, 0.0005747836705133388, 0.0005713014742704454, 0.0005621915867474551, 0.0005637766794448167, 0.0005626393750491035, 0.0005690154007256582, 0.0005650281975114787, 0.0005618626762750662, 0.0005624590838259017, 0.0005624692556146463, 0.0005611423553933424, 0.000567343440639821, 0.0005580798525544298, 0.0005548305812731592, 0.0005662414693722019, 0.000560213271118873, 0.000561233831427267, 0.0005607931746420002, 0.000559719193713843, 0.0005604069781299957, 0.0005650477579803448, 0.0005495311790447751, 0.0005557855900540879, 0.0005559016313377975, 0.0005456801752896152, 0.0005589402528669409, 0.0005508102799972726, 0.0005536745431729489, 0.0005472408568797013, 0.000555141383234446, 0.0005484982889525041, 0.0005537406029395277, 0.0005522215398269947, 0.0005482335696729866, 0.0005615274319468342, 0.0005538096878875944, 0.0005512310734182527, 0.0005622726274412815, 0.0005503098655026406, 0.0005419204190494147, 0.0005522926318614433, 0.0005471889744512737, 0.0005372225245486738, 0.0005596333508879912, 0.0005370103161247378, 0.0005468507685388128, 0.0005454085848113108, 0.0005391118827025855, 0.0005342051590560004, 0.0005567762159949376]}