{"val_loss": [0.0005629507747168342, 0.0006293929958095154, 0.0006699394628716012, 0.0005831058758000532, 0.0005574920408738157, 0.000578782637603581, 0.0006320892716757953, 0.0006247576287326714, 0.0005886808697444698, 0.0006516098704499503, 0.0005406763326997558, 0.0005757999800456067, 0.0006158567072513202, 0.0007450676251513263, 0.0005618026674104234, 0.0006106993920790652, 0.0005799153974900643, 0.0005452263479431471, 0.0006277498711521426, 0.000572481289661179, 0.0005940840346738696, 0.0006032166032431027, 0.0005853023224820694, 0.0005772553461914262, 0.0006527937754678229, 0.0005227611400187016, 0.000616726892379423, 0.0005713229378064474, 0.0005353635448652009, 0.0008060247443305949, 0.0005854554668379327, 0.00061661561873431, 0.0005293174957235655, 0.0005313032500756284, 0.0006876207189634442, 0.0006148088723421097, 0.0006027479151574274, 0.0005406944740874072, 0.0005349481361918151, 0.0006289931285815934, 0.0005842856674765547, 0.0005291661364026368, 0.0005340370310780903, 0.000533254952946057, 0.0005323289466711382, 0.0006018752076973518, 0.0007170615523743132, 0.0005331158948441347, 0.0008138438958364228, 0.0005417610712659856, 0.0006642560280549029, 0.0006455376278609037, 0.0006199798663146794, 0.0005157497750284771, 0.0005106760654598475, 0.0005196057221231362, 0.000894831590509663, 0.0006074513269898792, 0.0005355669224324325, 0.0005495421549615761, 0.000527549535036087, 0.0005415238750477632, 0.0005616087970944742, 0.0007037038255172471, 0.0005822874372825027, 0.0005152828137700757, 0.0005352319373438755, 0.0005471830372698605, 0.0006072096681843201, 0.0005922387742126981, 0.0005153826981162032, 0.000552840686092774, 0.0005559056686858336, 0.0005199415027163923, 0.0005300649596999089, 0.0006397915616010627, 0.0005523737442369262, 0.0006508821582732102, 0.0005983254523016512, 0.0005172423940772811, 0.0005439448868855834, 0.0005642331670969725, 0.0005747211980633438, 0.0005193119868636131, 0.000537635525688529, 0.0005473216879181564, 0.0005096462749255201, 0.0005171000181386868, 0.0005891913509306809, 0.0005058937628443042, 0.0005701715320659181, 0.00054637884022668, 0.0005857069433356324, 0.0005910762896140417, 0.0006382081580037872, 0.0005655813729390502, 0.0005359198548831046, 0.0006492034299299121, 0.0005172716337256134, 0.0005300166473413507], "loss": [0.00067081267910975, 0.0006667156649874178, 0.0006499756483309385, 0.0006735294160467607, 0.0006322979536856076, 0.0006675172243612232, 0.0006639965652505418, 0.000646199530887383, 0.000652650553362306, 0.0006352541709525718, 0.0006422490556293202, 0.0006420757606435843, 0.0006260674692586892, 0.0006397835149309012, 0.0006355056054114053, 0.0006377272614001952, 0.0005951720598171016, 0.0006393954196634392, 0.0006476579335328468, 0.0005906896538497811, 0.0006438886080609842, 0.0006441875593736768, 0.0005976769672189322, 0.0006359269253961328, 0.0006464565996322091, 0.000623506879761677, 0.0006160603004024813, 0.000646170104758952, 0.0005675084151638051, 0.0006026550534577971, 0.0006182115833292266, 0.0006309083050668791, 0.0006088712576052381, 0.0006052790526559369, 0.0006343776638257421, 0.0006085438071750104, 0.0006085551555130493, 0.000618716342917954, 0.0005937344545532984, 0.0005929069022251362, 0.0006056375773537353, 0.0005854271488108983, 0.0006236646580941009, 0.0006047056414428409, 0.0006022179699761586, 0.0005998053465090278, 0.0005921399268252706, 0.0005791938973642471, 0.0005890973628050199, 0.0006368695521140816, 0.0005616919650627231, 0.0005954063607431534, 0.0005722047138045093, 0.0006067712308356056, 0.0005944897539275526, 0.0005796657329752903, 0.0005971597479570106, 0.00059093994355795, 0.0005674930946918687, 0.0005574065489108088, 0.0005881969032257244, 0.0005767150508257111, 0.00057847175695416, 0.0005761806161091146, 0.000580561584448097, 0.0005981240634961674, 0.0005580562347960141, 0.0005867786649442105, 0.0005762817443745142, 0.000607644896566247, 0.0005698576849816298, 0.0005895890633972293, 0.0005394827005349927, 0.0005622743963074215, 0.0005952376792535048, 0.0005768412762942413, 0.0005624513281940448, 0.0005759669562663745, 0.0005651183493211176, 0.0005715704303131335, 0.0005715139311548599, 0.000557093054306245, 0.0005810557114374307, 0.0005771244393178711, 0.0005793907901668852, 0.0005752942266149654, 0.0005645036958244249, 0.0005757786081327746, 0.0005615199344767327, 0.0005407718374583594, 0.0005502945514982221, 0.0005691734205120829, 0.0005591207084728887, 0.0005624183287619855, 0.0005515607492135907, 0.0005702462157286289, 0.0005662560913522073, 0.000545230187492928, 0.0005578816279820683, 0.0005757189377349008]}