{"val_loss": [0.0008327296624581019, 0.0006936361120703319, 0.0005688683595508337, 0.0005428601871244609, 0.0005427844201525053, 0.0008636071579530835, 0.0006326522367695967, 0.0006551124970428646, 0.0007029548869468272, 0.0005562555937406918, 0.0006217623207097253, 0.0009222359900983671, 0.0006753113508845369, 0.000618997806062301, 0.0005560532833139101, 0.0007556737400591373, 0.0007358167980176707, 0.0009275785026450952, 0.0005730325162100295, 0.0005779852896618346, 0.0006454172544181347, 0.00055047826996694, 0.0005467722852093478, 0.00056915763222302, 0.0006229280649373928, 0.0007764759357087314, 0.0007978877207885186, 0.000556564365979284, 0.0006227867755418023, 0.0005784497285882632, 0.0007487095814819137, 0.0005434768390841782, 0.0006485318881459534, 0.0009723981299127141, 0.0007326282793655992, 0.0005553147251096865, 0.000542902077237765, 0.0006659501232206821, 0.0005617597683643302, 0.0005420124313483635, 0.0005751004015716413, 0.0007281389359074334, 0.0005296204471960664, 0.0005290593641499678, 0.0010298070070954661, 0.0006993068964220583, 0.0008708149543963373, 0.0006639296382976075, 0.0009106180708234509, 0.0005791242971705893, 0.0006102252324732641, 0.0005936249702547988, 0.0007469689201874038, 0.0005530232253173987, 0.000642277067527175, 0.000993647612631321, 0.0007581341584833959, 0.0005616070702672005, 0.0007067414117045701, 0.0007084242921943466, 0.000525095189611117, 0.0005535543702232341, 0.0006279229613331457, 0.0006097889854572713, 0.0005796292486290137, 0.0007802152928585807, 0.0006755636616920432, 0.0005477644541921715, 0.0007846830994822085, 0.0005836014558250705, 0.0006331009596275786, 0.0007162433272848526, 0.0005273043837708732, 0.0005358011888650557, 0.0005280823873666426, 0.0007763051156265041, 0.0005696306276756028, 0.0005953666404820979, 0.0006516535650007427, 0.0006349181057885289, 0.0006133228307589889, 0.000580116310932984, 0.0007640193798579276, 0.0006142611964605749, 0.0006075424025766551, 0.0007815848221071064, 0.0005592185965118309, 0.0008030227812317511, 0.00054000688639159, 0.000509618742701908, 0.0008152428393562635, 0.0007520997508739432, 0.000777219965433081, 0.0005524090374819934, 0.0005241371303175887, 0.0005228347145020962, 0.000541458954103291, 0.0007966983054454128, 0.0006338177093615135, 0.0008584394624146322], "loss": [0.0007982735923077497, 0.0007571192281493158, 0.000711750732821033, 0.000757086864689848, 0.0007129449125689765, 0.0007196707237097952, 0.0007562718841385234, 0.00072508116244097, 0.0007176070055855369, 0.0006985172469824276, 0.000685972161591053, 0.0006732842324439574, 0.000726109478381221, 0.000718215542966155, 0.000688812119834539, 0.0007378273186515327, 0.0006722913304757741, 0.0007157901914238378, 0.0006798071004191621, 0.0006900160633786409, 0.0007048982251607986, 0.0007140279415546467, 0.0006841218025699534, 0.0006954327605112836, 0.0006830985453066036, 0.0006814984932403873, 0.0007010288903041294, 0.0006881560073924009, 0.0007004803326843237, 0.0006992289272602648, 0.0006695017110797818, 0.0006740802308303062, 0.0006869371562195873, 0.000664467934122378, 0.0006938415021135437, 0.0006862208020821628, 0.0006798922797854713, 0.0006645183915410329, 0.0006715016896595005, 0.0006671546272830003, 0.0006678692675281867, 0.000664538781469067, 0.0006790527700946701, 0.000673579347440628, 0.0006734555462133829, 0.000662520273450624, 0.0006716274936614489, 0.0006840232009482053, 0.0006259269689002798, 0.0006493545370176435, 0.0006672189154886399, 0.0006715552892139251, 0.0006567123335251516, 0.000682485292027532, 0.0006508901769174608, 0.0006508734141890374, 0.0006432796998760077, 0.0006624658665343843, 0.0006770101005073499, 0.0006648543909519773, 0.0006511266078127341, 0.0006652996871034029, 0.0006597424184696542, 0.0006441773320720704, 0.0006645293776980705, 0.0006546436548146799, 0.0006406083983300185, 0.0006649404800824683, 0.0006545167976852368, 0.0006567833069884391, 0.0006313101265631202, 0.000632597293049373, 0.0006629556990918462, 0.0006388598175598654, 0.0006351471001161608, 0.0006474709877727071, 0.0006080153441332557, 0.0006296901836456662, 0.0006546570900051544, 0.0006324915814696362, 0.0006399684212670696, 0.0006607183119437346, 0.0006467410173543074, 0.0006347257477938439, 0.000630410684539971, 0.0006105534180446908, 0.0006530127268181079, 0.0006190907830993334, 0.0006135751275535397, 0.0006224485502267877, 0.0006314058943341175, 0.0006366580060717684, 0.000637450839686035, 0.0006273452007142758, 0.0006272958330723837, 0.0006221540809039854, 0.0006201590187157746, 0.0006140358056183215, 0.0006178666177826623, 0.0006196202712426721]}