{"val_loss": [0.0005866209006247421, 0.0005812367890030146, 0.000521700547930474, 0.000535384965284417, 0.0004984206073762228, 0.0005118602469641095, 0.0006170024668487409, 0.0005383963192192217, 0.0005150175323554625, 0.0005309971941945454, 0.0004994935831443096, 0.0004941147150627027, 0.0008582380639078716, 0.0005017137445975095, 0.0004893573059234768, 0.0004964896846407404, 0.00059876738426586, 0.0005030006189675381, 0.0005055892979726195, 0.0005080423046213886, 0.0004936385424419617, 0.0004991581711995726, 0.0005064026869755859, 0.0007217231517036756, 0.0005035167171930274, 0.0005062614848914867, 0.0007173256502331545, 0.0005678136561376353, 0.0005080716509837657, 0.0005614317196886986, 0.0005296033729488651, 0.0004873783861209328, 0.0005359452188713476, 0.0004899108559281254, 0.0006348683188358942, 0.0005250170700795328, 0.0005842186898613969, 0.00048635922333536047, 0.0005014545555847386, 0.0004858811153098941, 0.0005252855092597505, 0.0005044630767467121, 0.0005533316240568334, 0.0005162994833275055, 0.0005375025260339802, 0.0004888524029714366, 0.0004927945313587164, 0.0006628276411599169, 0.0005031507316743955, 0.000499557524259823, 0.0004824393254239112, 0.0005379728002784153, 0.000502823997521773, 0.000496872715302743, 0.000491936172087056, 0.00048086071910802275, 0.0005337817613811543, 0.000514843263469326, 0.0005254359469593813, 0.0004928886579970518, 0.00048395644504732144, 0.0004844657329764838, 0.0005291919612015287, 0.0004926477510404462, 0.0005351156141841784, 0.0005139922286616638, 0.0004910317268998673, 0.00048446078047466773, 0.00048285560236157227, 0.0006029177166055888, 0.00048020817727471393, 0.0005403417453635484, 0.0005664990555184583, 0.0005097652950401729, 0.0004922058093749607, 0.0004809234427132954, 0.0005258985620457679, 0.0004866848224385952, 0.0005534636826875309, 0.0005440842990841096, 0.00047859750823893893, 0.0005196912388782948, 0.0004768441673756267, 0.0004922838027899464, 0.00048136368665533763, 0.0004822390668171768, 0.0006604379256411145, 0.000515863512797902, 0.000510679732542485, 0.0004937985989575585, 0.0007057008915580809, 0.0004822476572978, 0.0004888817202299833, 0.00048815791281716275, 0.000479898876316535, 0.0004737340204883367, 0.0005592172383330762, 0.0005108447900662819, 0.0005126139876665547, 0.0005148055546063309], "loss": [0.0005547071449217145, 0.000524514407044518, 0.000545573519452268, 0.0005306319659144652, 0.0005411306063049576, 0.0005269213407127945, 0.0005245139483897085, 0.0005314310083458959, 0.0005365551349111936, 0.0005186533887387702, 0.0005275943322986779, 0.0005259865364577207, 0.0005173676057623837, 0.0005292918595606116, 0.0005176453069671643, 0.0005253496557189566, 0.0005120132474177, 0.0005178356648819452, 0.0005144761369727483, 0.0005295432902467264, 0.0005106262892864093, 0.0005247151129879057, 0.0005177120485179195, 0.000514063032352607, 0.0005189675241665638, 0.0005093606526282167, 0.000522051019490593, 0.0005124437900829233, 0.0005082220062225437, 0.0005142021761491412, 0.0005124749500451058, 0.0005125807500142535, 0.0005041630194884621, 0.000513168514805363, 0.0005071141376565383, 0.0005095552489230478, 0.000503502967250016, 0.0005050493696385443, 0.0004988708527957055, 0.0005137737930959298, 0.0005083299194531584, 0.0005011803565408896, 0.0004999131919315982, 0.0004981197088016887, 0.0005031799772512857, 0.0005037757094854627, 0.0004990622298835122, 0.0004988994090429818, 0.0005038567884454366, 0.0004964122560556496, 0.0004952147110425694, 0.0005001908106755258, 0.0004953620804439264, 0.0004981721663002476, 0.0004908605829027861, 0.0004981433804560867, 0.0004954910147245284, 0.0004932715264321478, 0.0004920285352488497, 0.0004925850630065219, 0.00048632342670181834, 0.0004956741408764005, 0.0004958761888297482, 0.0004918155539565271, 0.0004960790193527592, 0.00048819794998659444, 0.0005004123738251144, 0.0004907812798154299, 0.0004899792752608105, 0.0004928653021731103, 0.0004993338898876337, 0.0004861622141174006, 0.0004925104316229139, 0.0004864453130048113, 0.000492290796871573, 0.0004956670449313673, 0.00048666106832334426, 0.0004893832665402442, 0.00048208813327450855, 0.0004923513608648338, 0.0004884560799433126, 0.0004873334896897345, 0.0004882957798178757, 0.0004849391073178224, 0.0004828297710951625, 0.00048538088567848145, 0.0004929345568935214, 0.000478904064274738, 0.0004888328866972761, 0.0004855533485102502, 0.00048393088110498393, 0.00048862836384042, 0.00048750940617605076, 0.0004841989052861377, 0.00048304690345604386, 0.00048353952728643045, 0.0004760389775684517, 0.00048097487079859193, 0.000479781195517043, 0.0005354915553686658]}