{"val_loss": [0.0006056302906169245, 0.0007710670276234547, 0.0006870692207788428, 0.0005567232971467698, 0.000566950358916074, 0.0009473671962041408, 0.0007060351490508765, 0.00064553611446172, 0.0005418682364203656, 0.000531538957147859, 0.0005126619653310627, 0.0005577613628702238, 0.0007052016347491493, 0.0006695814178480456, 0.0006508859902775536, 0.0006357469828799367, 0.0006799243856221437, 0.0005383805546443909, 0.000566247123060748, 0.0005323786851173887, 0.0005062370667777335, 0.0005559999505445982, 0.0005376321884493033, 0.0008189548874118676, 0.0006475384773996969, 0.0006272856359525273, 0.0005820737375567356, 0.0005726596185316642, 0.0005039733902473623, 0.0006721947283949703, 0.0007817183310786883, 0.0006262808941149464, 0.000696013953226308, 0.0005890361402028551, 0.0006257426866795868, 0.0005729266122216359, 0.0009026424377225339, 0.0006820322693480799, 0.0005804552735450367, 0.0005641344178002328, 0.0007695572955223421, 0.000541952055452081, 0.0005757967786242565, 0.0007126392156351358, 0.0006427884994385143, 0.0006366074279261132, 0.0005457631195895374, 0.0007665816228836775, 0.0006866550053625057, 0.0005834749705779055, 0.0005891578330192715, 0.0005949687232108166, 0.0009233187787079563, 0.0005606979054088393, 0.0005204978660913184, 0.0006467029937387755, 0.0006054837916356822, 0.0007091161969583482, 0.0005283521701736996, 0.0005065106524853036, 0.0006105485663283616, 0.0005577909032581374, 0.0005882968350003163, 0.0005613247000534708, 0.0005317144629467899, 0.0004939563271667188, 0.0005593856088429069, 0.0005082327115815133, 0.0006299549907756349, 0.0005769832544804862, 0.0005311160445368538, 0.0009867822130521138, 0.0005074113481290018, 0.00064919352492628, 0.0005094615238097807, 0.0006616365668984751, 0.0007406638081495961, 0.0005446999275591224, 0.0006747522954052935, 0.000664593583981817, 0.0005221531027927995, 0.0006804097113975635, 0.0005096065384956697, 0.0008451280494530996, 0.0006347251473926008, 0.0006626356528916707, 0.0007726558154293647, 0.0005515020117551709, 0.00057918083621189, 0.0005990913196001202, 0.0008631314364417145, 0.000519517013647904, 0.0005387341952882707, 0.0006236779736354947, 0.0004971678184422975, 0.0005006637171997378, 0.0004972528404323384, 0.0005608568753814325, 0.0005690692099354541, 0.0005642957548843697], "loss": [0.0006395501151456739, 0.0006234702358832928, 0.0006257470576437536, 0.0006255099956265271, 0.0006103372660517278, 0.0005982352331220345, 0.0006111241915884117, 0.0006144317346668147, 0.0006139382026891259, 0.0006109616639420252, 0.0006148653332342359, 0.000614285474444774, 0.0006094317930681562, 0.0006107162572098551, 0.0006046843417506251, 0.0005994699431876479, 0.0006081668958628412, 0.0006012699391080618, 0.0006115137927096199, 0.0005952848608743538, 0.000604832400481596, 0.0006072036318342995, 0.000593051499756122, 0.0005858518108854898, 0.0005960999756266743, 0.0005919628591207718, 0.0005979813501687238, 0.0006068231542249796, 0.000593931461615419, 0.000589034832147364, 0.000587361300454682, 0.0005969863403286716, 0.0005851217763308712, 0.0005797503717648969, 0.0005836081082061692, 0.0005926725102148743, 0.000578822578838164, 0.0005923550817425605, 0.0005694973332100306, 0.0005939110490510723, 0.0005779667559114319, 0.0005926737401211911, 0.0005859278026036918, 0.0005819462859546076, 0.000589580881987112, 0.0005889078197974919, 0.0005793575358068294, 0.0005696033315163933, 0.0005702826192309321, 0.0005901657347782964, 0.0005780135564876858, 0.0005775022409916683, 0.0005723564778842652, 0.0005791937685528494, 0.000577929717514457, 0.0005698187785499074, 0.0005657094001502695, 0.0005722168603420465, 0.0005699594546092192, 0.0005751297646417731, 0.0005708067662824222, 0.000564877210611788, 0.0005772601693428846, 0.000565239014341151, 0.0005580614928880499, 0.0005723337413251607, 0.0005639398042586874, 0.0005641849301927896, 0.0005603287755985986, 0.0005675675956471996, 0.0005642993292659176, 0.0005570503654544828, 0.0005682841292582452, 0.0005719604701476379, 0.0005561730552775165, 0.0005651920375250349, 0.0005709314912868043, 0.0005612047329864085, 0.0005626960019408553, 0.0005685425524091072, 0.0005696868573539649, 0.0005637666849738538, 0.0005561303993023035, 0.000568306526811621, 0.0005528493558004913, 0.0005624381808081159, 0.0005636832313568986, 0.0005548660728554414, 0.0005598360574502429, 0.0005639150007886605, 0.0005595027404423389, 0.000562466996834027, 0.0005599741599763985, 0.0005635009562225874, 0.0005490097850000624, 0.0005564910227096536, 0.0005554067918435774, 0.0005583193350402224, 0.000553791811668176, 0.0005522733220088951]}