{"val_loss": [0.000624934968072921, 0.0007945931477782627, 0.0006223831636210283, 0.0005561003151039282, 0.0006111764038602511, 0.0006907445883067945, 0.0005686143801237146, 0.0006258013697030643, 0.0005216318143842121, 0.0005587429623119533, 0.0006385930658628544, 0.0005722896894440055, 0.0005911916571979722, 0.0006356511536675195, 0.0005328105568575362, 0.0005982479002947608, 0.0005268148767451445, 0.000585984147619456, 0.0005772446747869253, 0.0005117119095909098, 0.0005155752102533976, 0.0007300048600882292, 0.000526225562983503, 0.0005211090319789946, 0.0005290624685585499, 0.0005647269232819477, 0.0007492347698037823, 0.0007410053513012826, 0.0005859389784745872, 0.0006086107653876146, 0.0006009438269150754, 0.0005494112071270744, 0.0007164734997786582, 0.0005521936303315064, 0.000522044914153715, 0.0005455969173150758, 0.0007611614419147372, 0.0006408666959032416, 0.0007362538987460235, 0.0006809343855517606, 0.0005305331627217432, 0.0005151621686915556, 0.0005245622790729006, 0.0006491022068075836, 0.0005215679217750827, 0.0005286590700658659, 0.16333199540774027, 0.0008036924215654532, 0.0005699608203334113, 0.0005315591503555576, 0.0005407763528637588, 0.0007005692459642887, 0.0006203043546217183, 0.000611858170789977, 0.00055317326526468, 0.0005279998877085745, 0.0005394941739117106, 0.0005210719536989927, 0.0005004372408924004, 0.0005168153438717127, 0.0004998794271765897, 0.0005800879638021191, 0.000566915220891436, 0.0006065199462076029, 0.0005199454026296735, 0.000505262966422985, 0.000514867288681368, 0.0004934072882557908, 0.0009408059801595906, 0.000576117968497177, 0.0006127432764818271, 0.0005236514649974803, 0.0005102573971574506, 0.0006010894818852345, 0.0005146182957105339, 0.0005044250186377516, 0.0005253376245188216, 0.0006246557071184119, 0.0005346209121247133, 0.000538917821055899, 0.0005205290702482065, 0.0004931061218182246, 0.0004949268186464906, 0.000606238201726228, 0.0005221584190924963, 0.000578471323630462, 0.0004922371008433402, 0.00048582090918595594, 0.000499046427042534, 0.0005027397904389849, 0.0005523535655811429, 0.0004916022201844802, 0.000514895519396911, 0.000589407553585867, 0.0005048787182507416, 0.0004935487037679801, 0.0004904315186043581, 0.000531961404097577, 0.0005053620552644134, 0.0007160975170942644], "loss": [0.00064187016471772, 0.0005686294300378197, 0.0006010099184802837, 0.000567208934592566, 0.0005793540374186166, 0.0005827359822837429, 0.0005502660297443745, 0.0005945818503042338, 0.0005582656918300523, 0.000601069993098025, 0.0005494573701138574, 0.0005567060542051439, 0.0005575002330631294, 0.0005866546298084022, 0.0005478114784367521, 0.0005599537894509181, 0.0005480813399319433, 0.0005706422994585915, 0.0005465121616402434, 0.0005419474004560874, 0.000540122069651261, 0.0005157760191381116, 0.0005722501394942541, 0.0005334414481357844, 0.000554422666836116, 0.0005301932946571873, 0.0005397597129491192, 0.0005322251020482292, 0.0005471747081847516, 0.0005196143293115138, 0.0005198960705591297, 0.0005227717348909075, 0.0005485761341535383, 0.0005221244851041034, 0.0005243004868841834, 0.000517449799830232, 0.0005103567835047013, 0.0005356608889997005, 0.000518274394346884, 0.0005166686605662107, 0.000534821443984078, 0.0005249682063650754, 0.0005174194725609764, 0.0005163293842795409, 0.0005184123421915703, 0.0005069010733644029, 0.0008780336324384229, 0.0013347687727892426, 0.0004915886319294157, 0.0005200821000875698, 0.0005112598462599433, 0.0005100960282746841, 0.0005295443493027791, 0.0005036407490950767, 0.0005222314201226389, 0.0005107339993291707, 0.0005235780112410861, 0.0005004985303255833, 0.000519159418116841, 0.0005098126604463216, 0.0004992159536211855, 0.0005020586681052077, 0.0005105891021365231, 0.0004968393531507226, 0.000496056592695553, 0.0005083813049606289, 0.0005046428834450328, 0.0004953511600399872, 0.0004953132334372236, 0.0005042923191838243, 0.0005070691199593797, 0.0005008875418247448, 0.0005026122337396912, 0.0004941293478219046, 0.0004910762266566356, 0.0004981336921143035, 0.0004962480926661994, 0.0004909404130928495, 0.000497145566408074, 0.000482587107129533, 0.00048346453587766046, 0.000507679718322362, 0.00048797269657909593, 0.00048166296888936175, 0.0005044095634258594, 0.000748872564010391, 0.0004579343485939144, 0.0004843811911996454, 0.0004773400325103904, 0.0005112970485007045, 0.0004976214215814791, 0.0006629914429073257, 0.00046730113940106495, 0.00047553965446746186, 0.0004909594394525306, 0.0004889714311704867, 0.00048315612689798907, 0.0004901164976655747, 0.0004876293091068941, 0.00047683364634091657]}