{"val_loss": [0.0005614841744924585, 0.000609446627398332, 0.0006907739055653413, 0.0005552247166633606, 0.0005477106315083802, 0.0008158342485936979, 0.0005887153092771769, 0.0005582154262810946, 0.0006654565416586896, 0.0005702758984019359, 0.0005749525153078139, 0.0005748821616483232, 0.0005685494009715816, 0.0005704904324375093, 0.0005757044612740477, 0.0009035568800754845, 0.0006355556931036214, 0.0005820973698670665, 0.0005678227365327378, 0.0008303272382666668, 0.0005921653549497327, 0.0006682622091223797, 0.0008788827690295875, 0.0005600638105534017, 0.0005366867990233004, 0.0005482515358986954, 0.0005413209243367115, 0.000542335930125167, 0.0005973537142078081, 0.000599898126286765, 0.0005334688272948066, 0.0005482949006060759, 0.0006145932711660862, 0.0005938746811201175, 0.00056181795662269, 0.0005626761121675372, 0.0005420471425168216, 0.0005629718458900849, 0.0005748560458111266, 0.0005281429039314389, 0.0005404766222151617, 0.0005663359382500251, 0.000606816514239957, 0.0005472963287805518, 0.000539168327425917, 0.0006249478319659829, 0.0005647699193408092, 0.0005630833717683951, 0.0006340815452858806, 0.0006541961532396575, 0.0006285573860319952, 0.0006473015334146718, 0.0006678629045685133, 0.0005172706830004851, 0.0005652599114303788, 0.0006306305100830892, 0.0005570484790951014, 0.0006036811973899603, 0.0005949806848851343, 0.0005586051265709102, 0.0007507604314014316, 0.000571634853258729, 0.0005396218621172011, 0.0005300021924388906, 0.0005949216623169681, 0.0005249414825811982, 0.000937566413388898, 0.000532290975873669, 0.0005297807704967757, 0.0005842972896061838, 0.00053791532991454, 0.0005426493007689714, 0.0005457686687198778, 0.0005193538769769172, 0.0005207622501378258, 0.0005388774249392251, 0.0005435598626111945, 0.0005984460779776176, 0.0006064459642705818, 0.005798525332162778, 0.003971292404457927, 0.0024126594265302024, 0.0025298395194113255, 0.002469197614118457, 0.0028064410823086896, 0.0032504073654611907, 0.0022231635715191564, 0.002134905313141644, 0.0021740817852939167, 0.001881821236262719, 0.0014418946423878272, 0.0008568435247677068, 0.0008895640688327452, 0.0006951182925452789, 0.0006494175759144127, 0.0005832398892380297, 0.0005778039339929819, 0.000579505052883178, 0.000880308992539843, 0.0005301279403890172], "loss": [0.0006762943284465345, 0.0006543186221582195, 0.0006501237566462132, 0.0006023408883872131, 0.0006537557508434273, 0.0006553362138759069, 0.0006431096828439169, 0.0006298606566377674, 0.0006370030233584759, 0.0006254084130179965, 0.0006358448331916912, 0.0006441172509868112, 0.0006161764710365484, 0.0006060229012897859, 0.0006424814486375975, 0.0006193023237520484, 0.0006350299712115278, 0.000620685287113129, 0.0006060286746274128, 0.0006210661441501644, 0.0006437476819243144, 0.000619430332099674, 0.0006185558137345921, 0.0006057768316370331, 0.000613272284950923, 0.0006063108017702621, 0.0005886115465761611, 0.0006297678100290122, 0.0006060169242253458, 0.0005953820870706329, 0.0006199605974230777, 0.000614798051106778, 0.000611818396632939, 0.0006072937157350006, 0.0006024397325408818, 0.0006243824361633786, 0.0005823794776073622, 0.0005934636682030503, 0.0006029497987280289, 0.0005867386353202164, 0.0006198391924112069, 0.0005913615933860894, 0.000621282095650073, 0.0005888540084318569, 0.000594529733967243, 0.0005943353678082565, 0.0006067395184396042, 0.0005612635114057748, 0.0005889759437801937, 0.0006018778108732982, 0.0005934701562014029, 0.0006005290671493169, 0.0005802641853396953, 0.0005965194647648821, 0.0005676938011742162, 0.0005937130406016002, 0.0006052776168669678, 0.0005857480821389429, 0.0005748156410710955, 0.0005900914968353593, 0.0005859275223445837, 0.0005795009923598695, 0.0005948471080046147, 0.0005804738633472611, 0.0005787402721277127, 0.0006054460256429458, 0.0005746694654657471, 0.0005828572309972649, 0.0005802293760805494, 0.0005961151112353912, 0.0005755984694352028, 0.0005524098146620586, 0.0005894057998106022, 0.0005736917503074639, 0.0005787530584105601, 0.0005563299755859016, 0.0005915032406510027, 0.0005658492833996812, 0.0005679254094569909, 0.0026540617432652246, 0.001739939135775246, 0.0015464838296692404, 0.001578144489839259, 0.0008228841254970541, 0.0006384649734374963, 0.000588652000900496, 0.0005621805364541986, 0.0005862272152659932, 0.0005635594953437922, 0.0005792829831113556, 0.0005776134354096872, 0.0005854872169611217, 0.0005396941204607072, 0.0005716213663281114, 0.0005740840386823509, 0.000552838096929783, 0.0005653207341243547, 0.0005524681947901155, 0.0005607779732801848, 0.0005700368664865555]}