{"val_loss": [0.0006445927623038491, 0.0005939894278223316, 0.0006040125153958797, 0.000658721934693555, 0.0006254766679679354, 0.0010163674596697092, 0.0006661850299375752, 0.0006659119583976766, 0.0006208195894335707, 0.000887486986660709, 0.0005842184570307533, 0.0006624529293427864, 0.0008103187234761814, 0.0006930069454635183, 0.000644625280983746, 0.0005613514222204685, 0.0005737865382495025, 0.0006426220837359627, 0.0008091857695641617, 0.0006833920100082954, 0.0005556009903860589, 0.0005988729535602033, 0.0006515951245091856, 0.0005638452518420914, 0.0005468541833882531, 0.0005197763869849344, 0.0006807752458068231, 0.0005584879545494914, 0.0006146019053024551, 0.0006257763986165324, 0.000721806330451121, 0.0007501403839948276, 0.0006403394703132411, 0.000689532821221898, 0.0006345261742050449, 0.0005252433281081418, 0.0007404795420976976, 0.0007151580648496747, 0.0007565166645993789, 0.0007269742006125549, 0.0005420523229986429, 0.0006691522624654075, 0.0007035039598122239, 0.0005915479074853162, 0.0005241142547068497, 0.0005819033637332419, 0.0006313479389064014, 0.0005864483343126873, 0.0006311547476798296, 0.0006378954858519137, 0.0005966414076586565, 0.000552165360810856, 0.0005874430838351449, 0.0005407915838683645, 0.0005491490398223201, 0.0006479262374341488, 0.000612786835214744, 0.0005760068112673858, 0.0005631556656832496, 0.0007864711418127021, 0.0005415362150718769, 0.0006414169329218566, 0.0005975647557837268, 0.0007260174606926739, 0.0006592077552340925, 0.0005675220357564589, 0.0006276799637513856, 0.000589507418529441, 0.0006073612409333388, 0.0005702065342726806, 0.0005713088321499527, 0.0006320480412493149, 0.0007107139681465924, 0.0005615710009199878, 0.0006449843446413676, 0.0005379399323525528, 0.0005928785152112445, 0.000589540364065518, 0.0006449394083271424, 0.0005814333368713657, 0.000612766423728317, 0.0005533817845086256, 0.000559523682265232, 0.000800662188945959, 0.0005800321814604104, 0.0006534411610725025, 0.0006121726473793387, 0.0008146043207185963, 0.0005355196772143245, 0.000583204945238928, 0.0007194788583243886, 0.0005543748266063631, 0.0006001941510476172, 0.0006916496010186771, 0.0007113476167432964, 0.0006348142633214593, 0.000563373575763156, 0.0005871920147910714, 0.0006544429149168233, 0.0005982716878255209], "loss": [0.0007999822749601057, 0.0006869758459894607, 0.0006992352772849026, 0.0007292113387612281, 0.0006993234079952041, 0.00069071529476248, 0.0007185393866772453, 0.0006896332725537596, 0.0007061574250218217, 0.000703065130100758, 0.0006677032344871097, 0.0006826969566410062, 0.0006792512183353581, 0.0006949654068901307, 0.0006854433751734043, 0.000704641734180903, 0.0006912258061304412, 0.0006915364819751294, 0.0006555038605626949, 0.0006988037968295868, 0.000677335277605043, 0.0006863546926372995, 0.0006782845906585593, 0.0006741413876793727, 0.0006580676805848876, 0.0006643046098933728, 0.0006849471139031704, 0.0006797174681667928, 0.0006788188259600213, 0.0006732705989162679, 0.0006687975773173901, 0.0006717673461901506, 0.0006550626723630423, 0.0006576507628239968, 0.0006601885650996808, 0.0006673254581444242, 0.0006664282334019879, 0.0006345832263360973, 0.0006434302486013621, 0.0006583143021324995, 0.0006426528594197913, 0.0006549237360660401, 0.0006417733470529869, 0.0006477889859255541, 0.0006320423455219026, 0.0006747375526982877, 0.0006642984819201822, 0.0006533946747098256, 0.0006496857493874375, 0.0006503015368555983, 0.000653763939798982, 0.0006528580475046679, 0.0006264820479339471, 0.000655147008796188, 0.0006112384553826241, 0.0006513976410065812, 0.000649208471360099, 0.0006311474771118137, 0.0006201529338593698, 0.0006488453266986957, 0.0006476271955762058, 0.0006228571529155252, 0.0006412830962627022, 0.0006418468784195957, 0.0006198610062710941, 0.00062912561676327, 0.0006424175096779234, 0.0006214859636707439, 0.0006412631191778928, 0.0006022063284439759, 0.0006222701933303917, 0.0006263633765263001, 0.0006639508937951177, 0.0006305609239023868, 0.0006237231082869348, 0.0006111940084439185, 0.0006100023865992962, 0.0006135179439162905, 0.000608876817514775, 0.0006146403643975242, 0.0006302699050003732, 0.0006265351052947894, 0.0006256273481994867, 0.0006155568332394103, 0.0006253865032232608, 0.0006147652683365676, 0.0006311138621876362, 0.000605541247986602, 0.0006198967899696005, 0.0005888732352845922, 0.0006330639320098002, 0.0006017049416658227, 0.0005936016526970046, 0.0005872505673862717, 0.0006146102397771621, 0.0006069194350857288, 0.0006307733603063281, 0.0006195138040412632, 0.0006187595890541734, 0.0006096973568977168]}