{"val_loss": [0.0006490893138106912, 0.0005896171690740933, 0.0005618972645606846, 0.0006279581575654447, 0.0005549716588575393, 0.0005658615312616652, 0.0006537092655586699, 0.0006592088999847571, 0.0005754490945643435, 0.0006507027816648284, 0.0005938988470006734, 0.0005622135989445572, 0.0005994656433661779, 0.000657245060817028, 0.0007006423353838424, 0.0006726477877236903, 0.0006237696118963262, 0.0005934913739717255, 0.0005593331006821245, 0.0005941532435826957, 0.0005610971129499376, 0.0007104625401552767, 0.0005650433886330575, 0.0005877519239826748, 0.0006508698667554805, 0.0006006215407978743, 0.0006820416213789334, 0.000552772626785251, 0.0005616702643843988, 0.0005955246354763707, 0.0005447135772556067, 0.0005952291442857435, 0.0006380341267989328, 0.0006529058543189118, 0.000708727379484723, 0.0006607226290119191, 0.000912232780441021, 0.0007220489593843619, 0.0007052090465246389, 0.0008182490419130772, 0.0006207820260897279, 0.0006042452878318727, 0.0005713045926919827, 0.0006419478838021556, 0.0006194288822977493, 0.0006404785866228243, 0.0006201457678495595, 0.0005927826859988272, 0.0006129761847356955, 0.0005795357186192026, 0.0005602082965197042, 0.0005811320443172008, 0.0005771494373523941, 0.0005809947906527668, 0.0005915617027009527, 0.0005633689385528365, 0.0005438729373660559, 0.0007196616497822106, 0.0005564323024979482, 0.0005542156529069567, 0.0005863377009518445, 0.000677110345956559, 0.0006257779217169931, 0.0006537405521764109, 0.0005687971230751524, 0.0005878956483987471, 0.0005777691743181398, 0.0006299705613249292, 0.0006933351008531948, 0.000608189128494511, 0.0005492615843346963, 0.0005585701146628708, 0.0006804234581068158, 0.0007244631706271321, 0.0006405553625275692, 0.0005373979656724259, 0.0006380966612293074, 0.0006879581972801437, 0.0005901519519587358, 0.000530956390624245, 0.0006055673099278162, 0.0005712957063224167, 0.0005276522376031304, 0.00053783716672721, 0.000532542787065419, 0.0005491707270266488, 0.0005623905405324573, 0.0006141189660411328, 0.0006244561227504164, 0.0005464085843414068, 0.0005417486051252732, 0.0005531982751563191, 0.0005335783159049848, 0.0005785228568129241, 0.0005891585509137561, 0.0005667619116138667, 0.0007625819610742232, 0.0006779014462760339, 0.0005893491810032477, 0.0006846450657273332], "loss": [0.0009133560007386324, 0.0008855564562879779, 0.0008629810601835035, 0.000864752000240885, 0.0008399112341942748, 0.0008800727944752132, 0.0008355588027000151, 0.0008353377062896336, 0.0008290042417313627, 0.0008099004270560625, 0.0007964575639494729, 0.0007941032613248184, 0.0008038092853018532, 0.0008103945486557981, 0.0007847681829136693, 0.0008058340581892817, 0.0007919591692000351, 0.0007869314404497682, 0.0007787288492114318, 0.0007873290559035484, 0.0007489768548920336, 0.0008086135569977125, 0.0007680515948407076, 0.0007652499631081742, 0.0007545382864514573, 0.000749023745474578, 0.000754795521195909, 0.0007413804285331733, 0.0007351578129196747, 0.0007254602700144191, 0.0007277698098699113, 0.0007199092155874327, 0.0007357111004508894, 0.00072593449106164, 0.0007356023782415798, 0.0007205072206151844, 0.0007317093226851688, 0.0007580835361430352, 0.0007275993907737926, 0.0007305864440880854, 0.0007231246283346856, 0.0007301771849462832, 0.0007495271727546222, 0.0007401985888093434, 0.000746799531582467, 0.0007305749523867336, 0.0007381698211517047, 0.0007317245968065604, 0.0007279087612577887, 0.0007049525070383593, 0.0007112886663957464, 0.0007327765806284906, 0.000748274703423872, 0.000717119320244011, 0.0007081162098243281, 0.0007134277947005574, 0.0007114328683302221, 0.0007193395932618943, 0.0007158039047175811, 0.0007183522910862747, 0.0007088276173884946, 0.0006971663517308318, 0.0006897702610499605, 0.0006999125568351398, 0.0006976216197169075, 0.0007126411688255353, 0.0007014437880436028, 0.0006926794109555582, 0.0006997490472039553, 0.0006976945959548983, 0.0007034249288995785, 0.0006922403732056005, 0.0006932144417617194, 0.000710348377685511, 0.0006987188524497604, 0.0006942244158212647, 0.0006957076084627597, 0.0007187924089117183, 0.0007178985537460971, 0.0007161080623821666, 0.0007145160515965135, 0.0007206440409559205, 0.0007220517134690588, 0.0006876975557706491, 0.0006905453057563001, 0.0006869879876763594, 0.0006966704375507241, 0.0006961112802080741, 0.0006950617319455853, 0.000684231823672437, 0.0006999236162907133, 0.0006989865268459889, 0.0006768031819740793, 0.0006707726440961576, 0.0006847007111732468, 0.0006947204571958908, 0.0006931658308194192, 0.000691187921027584, 0.0006804160032145403, 0.000702724573245548]}