{"val_loss": [0.001058294903486967, 0.000945972977206111, 0.0008816527163920304, 0.0006020065047778189, 0.000922425747072945, 0.0007235320517793298, 0.0007496927088747422, 0.001409761452426513, 0.0009128386348796388, 0.0013908166050290067, 0.0011922089227785666, 0.0010317258226374786, 0.0008837507339194417, 0.0007727897221532961, 0.0005852862959727645, 0.000670813392692556, 0.0007711930084042251, 0.0006372295320034027, 0.0014485716819763184, 0.0012351586871470015, 0.0006359123120394846, 0.0005745547047505776, 0.0006807224126532674, 0.0006427247620498141, 0.0006401353942540785, 0.0006864456421074768, 0.0010601673275232315, 0.0005940906703472137, 0.0006209919229149818, 0.0011377409876634677, 0.0006777355253386, 0.0007979416598876318, 0.0007254709295618037, 0.0005452724484105905, 0.0005639493465423584, 0.0005722464993596077, 0.0007177572891426583, 0.0007426841572547952, 0.0006771055050194263, 0.0006620189330230156, 0.0006604601900714139, 0.0005885842450273534, 0.0006918463623151183, 0.000632063737915208, 0.0006335140011894206, 0.0005583221015209953, 0.000632467990120252, 0.0005866652936674654, 0.0008338092593476176, 0.0007136914452227453, 0.0005998575555471083, 0.0005671789986081421, 0.0011008127282063167, 0.0006185402744449675, 0.0006421108264476061, 0.0006573125720024109, 0.0005695740498291949, 0.000578761255989472, 0.0006043788162060082, 0.0005357952128785352, 0.0011735500302165747, 0.0007251412413703898, 0.0006458425195887685, 0.0010415349000444014, 0.0008521690615452826, 0.0006472839741036296, 0.0006674496301760277, 0.0005961257265880704, 0.0005327124963514507, 0.0008619555349772176, 0.0006125424212465683, 0.0005485158762894571, 0.0008752888922269145, 0.0006452172140901288, 0.0005616364651359618, 0.0007032403955236077, 0.00063159530206273, 0.0005556180840358138, 0.0006175222806632519, 0.0006506030525391301, 0.0005577969908093413, 0.000589727598708123, 0.0005642967104601363, 0.0007979071233421564, 0.0006589029605189959, 0.0006471285208438834, 0.0007896536844782531, 0.0005772907946569225, 0.0005897039275926849, 0.000711536422992746, 0.0006300477931896845, 0.000726742068460832, 0.0007600069705707332, 0.0006890227474893132, 0.0007835307236139973, 0.000746235076803714, 0.000625278955946366, 0.0005560350643160442, 0.000792028964497149, 0.0006151273652600745], "loss": [0.000798876283052205, 0.0007075909632947985, 0.0006830214600389203, 0.0006624019620681389, 0.0007482639727337906, 0.0007139886837211196, 0.0006503981712739915, 0.0006777211318775597, 0.0006885313325458103, 0.0006683258193165615, 0.0006539857713505626, 0.0006763988446133832, 0.0006814950730013488, 0.0006793812359252048, 0.0006528640795430099, 0.0006327966596775999, 0.0006935296017521372, 0.000642530638422748, 0.0006687605669463261, 0.0006590923908839209, 0.0006578826934047458, 0.0006597611333105575, 0.0006369922333828139, 0.0006702726478343484, 0.0006610779501325278, 0.0006243309213055505, 0.0006476059788838029, 0.0006426961141793678, 0.0006569766254095292, 0.0006088673242764478, 0.0006560298411555037, 0.0006376526143867522, 0.0006308841575109573, 0.0006388158556850007, 0.0006494731965681745, 0.0006452545111878189, 0.0006266109832924687, 0.0006151475697859294, 0.0006297617715231523, 0.0006415560600106363, 0.0006232531407106391, 0.0006472926880060522, 0.0006412692838003514, 0.0006056184291891339, 0.0006108062861366543, 0.0006087614811905143, 0.000633982914560302, 0.0006318001283539666, 0.0006261614476830733, 0.0006070905365049839, 0.0006235282376615538, 0.0006294475331540323, 0.0006055119199488588, 0.0006488496081955317, 0.0006021395998282565, 0.0006008492232972963, 0.0006446944036590004, 0.0006102451297920197, 0.0006186889885510835, 0.0006103603583243159, 0.0005982458457799146, 0.0006370141690476212, 0.0005972084720808736, 0.0005807384624387379, 0.0005930324744743606, 0.0006221055917666052, 0.0005933111511964213, 0.0005986963310365185, 0.0006030849439816342, 0.0006030856133697347, 0.000593850864485527, 0.0005921533620157452, 0.0005991882256542643, 0.0006008878548595088, 0.0005827062715845252, 0.0005914263256946233, 0.0005897874254043456, 0.0005988369855374374, 0.0005713460333127943, 0.0006059879583686039, 0.0005971960350439918, 0.0005893791428577431, 0.0005907837023389422, 0.0005864239496144432, 0.0005850957672077197, 0.0005805583140398893, 0.0005790349785928373, 0.0005931290700876465, 0.0005862890393473208, 0.000573040684685111, 0.0005979713212043323, 0.0005990792393546413, 0.0005890704514631243, 0.000569242330837167, 0.0005726007026775429, 0.0005863757051648227, 0.0005779837234445882, 0.0006000207752179078, 0.0005776193779806986, 0.0005830104173919945]}