{"val_loss": [0.0006179670551015685, 0.000561197375645861, 0.0006348393120182058, 0.0005837935217035314, 0.0005988745445696017, 0.0005677461595041677, 0.0006658570976772656, 0.0007859062170609832, 0.0006332658134245625, 0.0006646335241384804, 0.0006816242239437997, 0.000602866222228234, 0.0005987918605872741, 0.0006081717050013443, 0.0006004831617853293, 0.0005460243749742707, 0.0007089739083312452, 0.0006256960332393646, 0.0006486339843831956, 0.0006553990727600952, 0.0005807008613677075, 0.0005521377606783062, 0.0005520109940941135, 0.0008023808671471974, 0.0007344019735076776, 0.0006809947177922974, 0.0007857856398914009, 0.0007469507302933683, 0.0005801848116486023, 0.0005683620111085474, 0.0006285584337698916, 0.0005656468080511937, 0.0005972642878380915, 0.0005714305443689227, 0.0006075866015938421, 0.0005788608104921877, 0.0006426416706138601, 0.0005891589389648288, 0.0005646347708534449, 0.0005561168121251588, 0.0006185780900220076, 0.0007497791472511987, 0.0007082039373926818, 0.0006268733025838932, 0.0005936228456751754, 0.0007798344498345008, 0.000773595500504598, 0.0007973602332640439, 0.0005304983884949858, 0.0005160962900845334, 0.0006219389227529367, 0.0007180854639348885, 0.0006258830447526028, 0.0008902758612142255, 0.000631711659176896, 0.0007885123098579546, 0.0006563087032797436, 0.0006555287206235031, 0.0007413170533254743, 0.0005526528790748367, 0.0006082346274827918, 0.0005427511156691859, 0.0005812322973118474, 0.0006444584772301217, 0.0007387021323665977, 0.0005294485842265809, 0.0006107683390534172, 0.0005256914106818537, 0.0007796561597691228, 0.0005678496769784639, 0.0005636138084810227, 0.0005968316205932448, 0.0007565799169242382, 0.0005544790522738671, 0.000664590314651529, 0.0006163715152069926, 0.0005499669593215609, 0.0006066278632109364, 0.0006280955276452005, 0.0005650545499520376, 0.0007195893946724633, 0.000656591912653918, 0.0005650905756435046, 0.0007073568510046849, 0.0005194643551173309, 0.000625657761702314, 0.0006582548861236622, 0.0005657569660494725, 0.0005124206509208307, 0.0007285587295579413, 0.0005273105392310148, 0.0007336339234219243, 0.0005414537445176393, 0.0004890249644328529, 0.0006065984877447287, 0.0005445685092126951, 0.0006454129664537808, 0.0005878938100067899, 0.0005909034710687896, 0.0005922227768072238], "loss": [0.0006407374366298663, 0.0006095169762071843, 0.0006110449952151006, 0.0006016975660006412, 0.0006049479658637816, 0.0005921325597834463, 0.0005972682033812076, 0.0006013029336894828, 0.0005918551846493587, 0.000597653830212679, 0.0005863563775266004, 0.0005755011607780707, 0.0006004521160826294, 0.000580652080114103, 0.0005932663124339241, 0.0005832900658586166, 0.0005788358922237185, 0.0005845846403476402, 0.0005846764801794456, 0.0005784969172155899, 0.0005722864616136239, 0.0005876200696177504, 0.0005777699385631691, 0.0005690077302494535, 0.0005776525789837318, 0.0005830053856630844, 0.0005862976740226495, 0.000575500821772342, 0.0005735093469007148, 0.0005655767772286372, 0.0005856916363376917, 0.0005695930815784743, 0.0005713730766998466, 0.0005830504777366985, 0.0005726624647784909, 0.0005617540559291632, 0.0005627287690812307, 0.0005864169684678523, 0.0005611037270648887, 0.0005734181295675053, 0.0005685281072079239, 0.0005721084744436666, 0.0005601335374026179, 0.000568332616778746, 0.000559809582665804, 0.0005584768325745783, 0.0005682371928641158, 0.000565756403375417, 0.0005547935978500862, 0.0005519601238322341, 0.000572154675696597, 0.0005656680705551817, 0.0005588526223113553, 0.0005477745036370363, 0.0005499129334499163, 0.0005500908004318329, 0.0005608260991586441, 0.0005642227322958341, 0.0005416868252386512, 0.0005588203801178477, 0.0005511647802820705, 0.0005533627096425604, 0.0005621212266204464, 0.0005409302943412007, 0.0005404727966783361, 0.0005502169935627737, 0.0005487023962713364, 0.0005509005660079074, 0.0005491197581351218, 0.0005479686003161112, 0.0005424393069309493, 0.0005384820143700819, 0.0005531911436399376, 0.0005384165614722642, 0.0005392911294216497, 0.0005409571835857436, 0.0005290994525205826, 0.0005511397908709047, 0.0005378589477105481, 0.0005412692192260658, 0.000532763424820991, 0.0005403483540889014, 0.0005296053175159075, 0.0005432335283667608, 0.0005272626133066498, 0.000536910795576491, 0.0005427949837650414, 0.0005348033209210607, 0.0005297205007755784, 0.0005326393589644727, 0.0005341299030179572, 0.0005210090366071435, 0.0005373562367081091, 0.000529303468755205, 0.0005318406663179674, 0.0005345102324133256, 0.0005273741742173486, 0.0005193549349550503, 0.0005186927743057755, 0.0005310287271169256]}