{"val_loss": [0.0005434182530734688, 0.0006517869672582796, 0.000586559142296513, 0.0006457608833443373, 0.0007340138448247066, 0.0007691805270345261, 0.0006738902496484419, 0.0007455386803485453, 0.0010034695539313059, 0.0006085032946430147, 0.0005543257284443825, 0.0005545651074498892, 0.0005972277431283146, 0.0006410715092594425, 0.0005276234296616167, 0.0006379964276372144, 0.0005488801495327303, 0.0008490496256854385, 0.0008891056835030516, 0.0005337211235503977, 0.0005269365598602841, 0.0010654334813201178, 0.0005348656607869392, 0.0006582681089639664, 0.0006231777078937739, 0.0005496523614662389, 0.0005283397137342641, 0.0006472751847468317, 0.0006383742244603733, 0.0007514896666786323, 0.0006221058817269901, 0.0005841163704947879, 0.0008113857863160471, 0.0005831704086934527, 0.0006098234637950858, 0.0007326049283922961, 0.0007931078046870729, 0.0005922976318591585, 0.0006912972021382302, 0.0006275039243822297, 0.0005182946139636139, 0.0006898581923451275, 0.0006962779443711042, 0.0008147550009501477, 0.0007856430020183325, 0.0007020183838903904, 0.0006270767674626162, 0.0007672387097651759, 0.0010864295084805538, 0.000549821590539068, 0.0006693401470935593, 0.0006642309890594333, 0.0005332448199624196, 0.00055086972618786, 0.0007071958292120447, 0.0005774244103425493, 0.0005482252939449003, 0.0005296466648966695, 0.0006029937552132955, 0.0005660821625497192, 0.000546201010971951, 0.0005482379395592337, 0.0005978456659552952, 0.0006355861163077255, 0.0007590798195451498, 0.0007556074512346337, 0.000620304480738317, 0.0006162337279723337, 0.0005557542366053289, 0.0005683964409399778, 0.0005254520510789007, 0.0005685553333023563, 0.000726985502600049, 0.0008357710127408305, 0.0006922706282542398, 0.0005251794452002893, 0.000552880170289427, 0.0005154831887921318, 0.0005391175800468773, 0.0006014010771953812, 0.0006340514907302955, 0.0006518383452203125, 0.0005617545733305936, 0.00063701206818223, 0.000676103460136801, 0.0007842966394188503, 0.0010131315987867613, 0.0004970888840034604, 0.0005478581636756038, 0.000539863744052127, 0.0009648701913344363, 0.0005917176798296472, 0.0005210312810959294, 0.0005932958350361636, 0.000654846332812061, 0.0007038264981626222, 0.0005242910459249591, 0.0005993555726793905, 0.0005703062342945486, 0.0007478893676307052], "loss": [0.0006483048071256942, 0.000623632618010527, 0.0006209418923525071, 0.000633280120652031, 0.0006272280249201382, 0.0006055458970540376, 0.0006241870626884823, 0.0006146508574063235, 0.0006049102607735053, 0.0006198701820620853, 0.0006080175139855042, 0.0006014747158149947, 0.0006135680246020287, 0.000622475310120973, 0.000610073862373139, 0.0006076097256650597, 0.000600364926935139, 0.0006142053882487946, 0.0006121712245254053, 0.0005982706912888076, 0.000601996275859333, 0.0005965844584689303, 0.0006140718464006635, 0.000601332441739807, 0.0005919384011239917, 0.0005892291503389262, 0.0005956637194483645, 0.0005893993721757499, 0.0005781918621828987, 0.0006031674883733676, 0.0005943507491826529, 0.0005986798620411988, 0.0005863221627401395, 0.000593720277754107, 0.0005873684842501663, 0.0006022842194565952, 0.0005921576203373088, 0.000594908192094105, 0.0005747172372476025, 0.0005827936666146679, 0.0005827790300827473, 0.0005779639948202573, 0.0005885672764162775, 0.0005764163857006848, 0.0005840675827736656, 0.0005866750677038605, 0.0005892592151347479, 0.0005726984268726988, 0.0005865361669782067, 0.0005858619320120111, 0.0005812496232532862, 0.0005619908306808038, 0.0005833556685872652, 0.000577489631487643, 0.0005694706282897472, 0.0005835187346545152, 0.0005825217285072776, 0.0005796834081626946, 0.0005772543361807173, 0.000570752613755219, 0.000578520637376372, 0.0005746070959570783, 0.0005809463715801636, 0.0005829173163942027, 0.0005705805184940497, 0.0005645512132172438, 0.0005722682102781686, 0.0005695219960115436, 0.0005637946122550164, 0.0005741841574760016, 0.0005708630611749228, 0.0005656416938614307, 0.0005712929931986663, 0.0005719608145429649, 0.0005676349834107828, 0.0005715817420019044, 0.0005620341727518718, 0.0005629890268513312, 0.0005610539945471963, 0.0005694182855896306, 0.000559010331117962, 0.0005719797034678912, 0.0005566862792302682, 0.0005685801577918162, 0.0005596521972350914, 0.000557923577380953, 0.0005559587912608145, 0.0005640184961656039, 0.0005630182767399001, 0.0005644770620468383, 0.0017929720666466488, 0.0005608464702230844, 0.0005557103426394018, 0.000560025624710963, 0.0005518385953985637, 0.0005559450666489149, 0.0005542891325334225, 0.0005548333499097714, 0.0005527539674572095, 0.0005608774032831813]}