{"val_loss": [0.0006442745798267424, 0.0005583102271581689, 0.0009430003313658138, 0.0006224635095956425, 0.0005095921612034241, 0.0005147509897748629, 0.0006023699340100089, 0.0008500329568050802, 0.0005990686865213016, 0.000515663744105647, 0.0005341299111023545, 0.000551012170035392, 0.0006001723813824356, 0.0006237906248619159, 0.0005511989584192634, 0.0006050139976044496, 0.000532683819377174, 0.0005197880285171171, 0.0005140461532088617, 0.0004970454901922494, 0.0005247864755801857, 0.000603490179249396, 0.000500496777628238, 0.0005365831699843208, 0.0005559385366116961, 0.0005267765372991562, 0.0005552671500481665, 0.0005287812285435697, 0.0005335186724551022, 0.000528875874200215, 0.000631560804322362, 0.0005140124121680856, 0.0005378349645373722, 0.00048253436883290607, 0.0004929291123213867, 0.0005084961885586381, 0.00048659478973907727, 0.0005180100755145153, 0.000547194368361185, 0.000565176111801217, 0.0005240620812401175, 0.0005704301681059102, 0.0005229523521848023, 0.0004901128122583032, 0.0004939999101528277, 0.0004986392644544443, 0.0004983209655620158, 0.000610189240736266, 0.0005037807277403772, 0.0005174384568817914, 0.0005167428947364291, 0.0004807767497065167, 0.0004965388604129354, 0.0005262529981943468, 0.000500160773905615, 0.0005319496267475188, 0.000995531251343588, 0.0004962763050571084, 0.0005091636752088865, 0.000598001352045685, 0.0005032708092282215, 0.0005167462125731012, 0.0004857187062346687, 0.000490699807414785, 0.0004908259143121541, 0.0005583972476112345, 0.0006107704830355942, 0.0004759043416318794, 0.0005559322113792101, 0.00048461652477271855, 0.0005326419486664236, 0.0004782398561170946, 0.0005571296399769684, 0.0004963015380781144, 0.0005027434672228992, 0.0005031293258070946, 0.0005488111055456102, 0.0005349172667289773, 0.0005123942585972449, 0.0005082082158575455, 0.0007437660048405329, 0.0004741542603975783, 0.0005738709587603807, 0.000476881570648402, 0.000496860903998216, 0.0006338465803613266, 0.0005048694535313795, 0.0005306392558850348, 0.0004838399375633647, 0.0004927306047951182, 0.0004951697774231434, 0.00047826541898151237, 0.0005631925887428224, 0.0004743119449509929, 0.0005200556673419973, 0.00047256519125464064, 0.0004715193451071779, 0.00047734428274755675, 0.00049146010618036, 0.0005120662584279975], "loss": [0.0006455728661320689, 0.0005706360464467218, 0.0005978491045189676, 0.0005697401831167992, 0.000567212359143283, 0.0005528401783926205, 0.0005657998327579764, 0.0005747003155260312, 0.0005664303252059552, 0.0006955266613254531, 0.0005216490438518425, 0.0005335489587634112, 0.0005479715268679515, 0.0005795750982576499, 0.0005231249799382769, 0.0005613545244732113, 0.0005399486366918103, 0.0005188106733839959, 0.0005390781637591621, 0.0005347235063608321, 0.0005546422412239567, 0.000528234098089376, 0.0005340435309335589, 0.0005154510436113924, 0.0005539210633961139, 0.0005444970566141246, 0.000529819271630711, 0.0005255727942481086, 0.0005218737394359239, 0.0005156116935217546, 0.0005048708957878666, 0.000540715127027835, 0.0005192890907724008, 0.0005240451309536756, 0.0005238237046998822, 0.000673355669412693, 0.0005044098533862443, 0.000484091906670343, 0.0005109758844978556, 0.0005035587991760285, 0.0005240730781763516, 0.0005235957430192718, 0.0007699151961046651, 0.00048156853666080643, 0.0005051034925229571, 0.0005114782705075211, 0.0004925071046239248, 0.0005202031860352252, 0.0005095158628170827, 0.0005052450093595932, 0.000512765518915667, 0.0004976145498437325, 0.000515503846583198, 0.0004922959681910773, 0.0005083965963287348, 0.0004993630411465549, 0.0005288783081427768, 0.0005065849917526874, 0.0005041211272193188, 0.0004942995782820853, 0.0004891581397883043, 0.0004844170417291699, 0.000502189190161449, 0.0005005904995077462, 0.0004892899100754961, 0.0004951555866109966, 0.0004961108303784082, 0.0004985178055465911, 0.0004945773355386875, 0.000488499109417683, 0.0004868441050078858, 0.0004869815699445705, 0.0005017795602152883, 0.0004883899581963542, 0.0004933231242897886, 0.0004711606932148613, 0.00047672520762447404, 0.00047239211400867335, 0.0004998489716348962, 0.00048045924200710877, 0.0005024199695240155, 0.0004795486392039392, 0.0004815039056767192, 0.0004960630127849678, 0.0004755005507764441, 0.00048069878270056235, 0.00047024915477743854, 0.000517422727878309, 0.0004626803080706547, 0.00046645131725300517, 0.0004717762359952623, 0.00047893520806812577, 0.00046346253279976, 0.00048280105908849727, 0.0004736552752243976, 0.0004782771305784721, 0.00048554765332179767, 0.0004749719831764836, 0.0004735662929575752, 0.0004682587190203507]}