{"val_loss": [0.0005078683122216413, 0.0005057764986607557, 0.0005887079266055176, 0.0006113795971032232, 0.0006116513977758586, 0.0005132351313174391, 0.0005045156867709011, 0.0004965860183195522, 0.0005154710815986618, 0.0005271658107327918, 0.0005153112967188159, 0.0005012067316177612, 0.0005625174477851639, 0.0005486396936854968, 0.0004935890707808236, 0.0005240605144839113, 0.0005291802663123235, 0.0006506372107348094, 0.0005466001651560267, 0.0005688828920635084, 0.0006450545818855365, 0.0005020289536332712, 0.0004922461812384427, 0.0005283474747557193, 0.0005120030303563302, 0.0004959524570343395, 0.000492661264919055, 0.0004962477202449614, 0.0005851705500390381, 0.0004908985089665899, 0.0005569587228819728, 0.0005083524107855434, 0.0005268990935292095, 0.0005336908992224684, 0.0005066902619243289, 0.0006079929589759558, 0.0006300871706722925, 0.0006081733057120194, 0.0005357224290492013, 0.0005702856045293933, 0.0005787317253028353, 0.00048194846507006633, 0.0005016704477990667, 0.0005051622477670511, 0.000499852122932983, 0.000518333210493438, 0.0005867026920896024, 0.0004975283712459108, 0.0004940627501734222, 0.0005115428793942556, 0.0005002005200367421, 0.000490531514515169, 0.0005343845259631053, 0.0005000694509362802, 0.0004986811109120026, 0.0005556617349308605, 0.0005731092969654128, 0.0004866317855582262, 0.0005009232748610278, 0.0006772884419964006, 0.0005042395690300813, 0.0005513078164464483, 0.0004839989172372346, 0.0005087151851815482, 0.00048707021536150325, 0.0005451812612591311, 0.0004779001271041731, 0.000546920050207215, 0.0004820381776274492, 0.0005165842012502253, 0.0005034003649294997, 0.0004791324123895417, 0.0005945515489050498, 0.000627885281573981, 0.00047374215015831095, 0.0005329826623589421, 0.0004751307957728083, 0.0005116784256339694, 0.0005110781542801609, 0.0005909534520469606, 0.0005775309109594673, 0.0004807034080537657, 0.0005092766708306348, 0.0005075822894771894, 0.0004843862892206137, 0.00047414034391598153, 0.0004786927456734702, 0.0005871330892356733, 0.0005393289126611004, 0.0005059569472602258, 0.0005247227672953159, 0.0004728319957697143, 0.00047416125986880314, 0.0005042071134084836, 0.0005170286215919381, 0.0006667753235281756, 0.0005714386837401738, 0.0004922253137920052, 0.0004805973148904741, 0.0004706819890998304], "loss": [0.0005786705565966528, 0.0005725138832564915, 0.0005544818866635776, 0.0005564789726459249, 0.0005575792187031497, 0.000560703286383715, 0.0005515084517860992, 0.0005449697130609786, 0.0005408612843085495, 0.0006985048083286663, 0.0005290066635805286, 0.0005436710775096866, 0.0005445643877869265, 0.0005466777408771493, 0.0005405504397694367, 0.0005485206913565182, 0.0005485638647331614, 0.0005362615198397112, 0.000540989085156643, 0.0005444671093115445, 0.0005280181433557084, 0.0005380658603152606, 0.000542866252578312, 0.0005313990981516394, 0.0005266674108699792, 0.0005428063773757054, 0.000524313836380046, 0.0005310762019319184, 0.0005276471956339837, 0.0005369522927880839, 0.000525739948325618, 0.0005178752827406344, 0.0005299811379733944, 0.0005476744301160108, 0.0005262698460784224, 0.0005267327349563992, 0.0005154450961897426, 0.0005234804293313236, 0.0005327243674805181, 0.000525656115819907, 0.0005203511795520575, 0.0005058556519172809, 0.0005294161151309878, 0.0005214648527153595, 0.0005153727068789993, 0.0005235237347531236, 0.0005166373275979249, 0.0005264150138289013, 0.0005152173684176954, 0.0005195578527895527, 0.000517200211308793, 0.0005148246855242178, 0.0005085148753736306, 0.0005099469223447765, 0.0005119801897779797, 0.0005118242487595934, 0.0005038889190742608, 0.0005127164525523161, 0.00051450519499162, 0.0004998517790766157, 0.0005187282109141557, 0.0005092876375851187, 0.000507691218647071, 0.0005099090356250397, 0.0005099781243458252, 0.0005155455852487918, 0.0005053720421899386, 0.0005018829521119456, 0.000507497113344639, 0.0005110329926807295, 0.000500476015278966, 0.0005050464075153555, 0.0004990612236455221, 0.0004960092316010829, 0.0005041547593902107, 0.0005032657995966643, 0.0005025929723935271, 0.0005019093773120807, 0.0005024532556827007, 0.0004977434534036244, 0.0004974776400356657, 0.0005063089343753678, 0.0004938122378748462, 0.0005026011079920594, 0.0004981641864611043, 0.0005018495242068268, 0.0005008296510722074, 0.0004941621004103648, 0.0004981364230237281, 0.0004961045056848821, 0.0004983001918945876, 0.0004942464336097517, 0.0004942656103392235, 0.0004985843245069393, 0.0004919377409991015, 0.0004954486832031291, 0.0004986034942299335, 0.0004988798879181828, 0.0004907062382833963, 0.0004924199251777113]}