{"1": {"Model": "80filter2layer1day0drop0.5rdrop", "Avg": 0.03159434190181389, "Max": 0.04040641437376483, "Min": 0.017162264590838035}, "2": {"Model": "40filter2layer1day0drop0.5rdrop", "Avg": 0.033130027800752304, "Max": 0.0443892153137835, "Min": 0.019139662306964005}, "3": {"Model": "80filter2layer2day0drop0rdrop", "Avg": 0.035540032751186425, "Max": 0.044948171631238, "Min": 0.019051146834892285}, "4": {"Model": "80filter2layer2day0drop0.5rdrop", "Avg": 0.036424505063213396, "Max": 0.04881422798624885, "Min": 0.01978107102863422}, "5": {"Model": "60filter2layer1day0drop0.5rdrop", "Avg": 0.037536837576412366, "Max": 0.04709905325688649, "Min": 0.0187998539444693}, "6": {"Model": "40filter2layer2day0.1drop0.5rdrop", "Avg": 0.0376300094181134, "Max": 0.05418300556945492, "Min": 0.021699830496490203}, "7": {"Model": "60filter2layer2day0drop0.5rdrop", "Avg": 0.03763234741675077, "Max": 0.05214736243061785, "Min": 0.020679132326228904}, "8": {"Model": "40filter2layer2day0drop0.5rdrop", "Avg": 0.04017473683472811, "Max": 0.05554377032031498, "Min": 0.021601923255732385}, "9": {"Model": "40filter2layer2day0drop0rdrop", "Avg": 0.041054763700043476, "Max": 0.05603919595236814, "Min": 0.022918073410256267}, "10": {"Model": "60filter2layer1day0.1drop0.5rdrop", "Avg": 0.04224304441837215, "Max": 0.05191341809864272, "Min": 0.020693684518050856}, "11": {"Model": "40filter2layer1day0.1drop0.5rdrop", "Avg": 0.04361582174736264, "Max": 0.057226196925384644, "Min": 0.023236414705521652}, "12": {"Model": "80filter2layer2day0.1drop0.5rdrop", "Avg": 0.04388526723209885, "Max": 0.05405188853124643, "Min": 0.020872452768031114}, "13": {"Model": "80filter2layer2day0.1drop0rdrop", "Avg": 0.04437336185013832, "Max": 0.054997040049531584, "Min": 0.0224170792412565}, "14": {"Model": "80filter2layer1day0.1drop0.8rdrop", "Avg": 0.04979704113977343, "Max": 0.06027767936623252, "Min": 0.021486569067812062}, "15": {"Model": "80filter2layer1day0.1drop0rdrop", "Avg": 0.0500947697110038, "Max": 0.06429422358500182, "Min": 0.020227524587366465}, "16": {"Model": "40filter2layer1day0.1drop0rdrop", "Avg": 0.05063922936654577, "Max": 0.05959073794320506, "Min": 0.024977392031224066}, "17": {"Model": "60filter2layer2day0drop0rdrop", "Avg": 0.0526183129363958, "Max": 0.06276885926791088, "Min": 0.024639995012822758}, "18": {"Model": "80filter2layer1day0.1drop0.5rdrop", "Avg": 0.059090737900970185, "Max": 0.07225064492942082, "Min": 0.02441805980461199}, "19": {"Model": "60filter2layer2day0.1drop0.5rdrop", "Avg": 0.06247055797337309, "Max": 0.0761756232464624, "Min": 0.025179756466195986}, "20": {"Model": "40filter2layer1day0.1drop0.8rdrop", "Avg": 0.07068532226543071, "Max": 0.10089585355650223, "Min": 0.045863023296302666}}