{"40filter2layer1day0drop0.5rdrop": {"1": {"Avg": 0.029977574471585406, "Max": 0.03716947093109474, "Min": 0.024047299919337902}, "3": {"Avg": 0.035714771579648016, "Max": 0.0437700461432388, "Min": 0.02969899143954607}, "7": {"Avg": 0.02877926766904964, "Max": 0.03721742847468002, "Min": 0.019139662306964005}, "10": {"Avg": 0.03579872022850618, "Max": 0.041781075609614325, "Min": 0.029725154735272347}, "12": {"Avg": 0.03537980505497231, "Max": 0.0443892153137835, "Min": 0.028956555846561337}, "Avg": 0.033130027800752304, "Max": 0.0443892153137835, "Min": 0.019139662306964005}, "60filter2layer1day0.1drop0.5rdrop": {"1": {"Avg": 0.03910118114690896, "Max": 0.046166656191450696, "Min": 0.028913585977505044}, "3": {"Avg": 0.0460671271313616, "Max": 0.05191341809864272, "Min": 0.04167957639767451}, "7": {"Avg": 0.03627834278032225, "Max": 0.04520426863254074, "Min": 0.020693684518050856}, "10": {"Avg": 0.044453748840110704, "Max": 0.048501160143197344, "Min": 0.03777696848481394}, "12": {"Avg": 0.04531482219315716, "Max": 0.05109690155007037, "Min": 0.038662924060326974}, "Avg": 0.04224304441837215, "Max": 0.05191341809864272, "Min": 0.020693684518050856}, "80filter2layer2day0.1drop0.5rdrop": {"1": {"Avg": 0.04053237170649256, "Max": 0.04822110916331916, "Min": 0.029444095762709885}, "3": {"Avg": 0.048437139664739094, "Max": 0.05405188853124643, "Min": 0.04410003356069031}, "7": {"Avg": 0.03735116738193565, "Max": 0.04763545470796463, "Min": 0.020872452768031114}, "10": {"Avg": 0.04605631896626187, "Max": 0.050465118974502274, "Min": 0.03935778965401753}, "12": {"Avg": 0.047049338441065146, "Max": 0.053885059789711184, "Min": 0.040652827057428405}, "Avg": 0.04388526723209885, "Max": 0.05405188853124643, "Min": 0.020872452768031114}, "40filter2layer2day0.1drop0.5rdrop": {"1": {"Avg": 0.03471059905787176, "Max": 0.04529650230512125, "Min": 0.028178425418761345}, "3": {"Avg": 0.039765002673886794, "Max": 0.05221993333736534, "Min": 0.0308686731914166}, "7": {"Avg": 0.03295288338013815, "Max": 0.040399517140357416, "Min": 0.021699830496490203}, "10": {"Avg": 0.04061498118578923, "Max": 0.05030707324188638, "Min": 0.03172236753089676}, "12": {"Avg": 0.040106580792881055, "Max": 0.05418300556945492, "Min": 0.02944698575837689}, "Avg": 0.0376300094181134, "Max": 0.05418300556945492, "Min": 0.021699830496490203}, "80filter2layer2day0drop0rdrop": {"1": {"Avg": 0.03219819100857342, "Max": 0.03746848485544648, "Min": 0.025987906973734848}, "3": {"Avg": 0.036606892462424635, "Max": 0.04105442551653134, "Min": 0.03202703914630639}, "7": {"Avg": 0.03340217588642816, "Max": 0.044948171631238, "Min": 0.019051146834892285}, "10": {"Avg": 0.037615925466699805, "Max": 0.039613679199620645, "Min": 0.03190863473750956}, "12": {"Avg": 0.03787697893180606, "Max": 0.04071515992971384, "Min": 0.03479091801754798}, "Avg": 0.035540032751186425, "Max": 0.044948171631238, "Min": 0.019051146834892285}, "60filter2layer1day0drop0.5rdrop": {"1": {"Avg": 0.03484841542103469, "Max": 0.04187097716585292, "Min": 0.02499845482686832}, "3": {"Avg": 0.04061355661467941, "Max": 0.04709905325688649, "Min": 0.03528159896223279}, "7": {"Avg": 0.032442962336987645, "Max": 0.04088592736980852, "Min": 0.0187998539444693}, "10": {"Avg": 0.03952980574428856, "Max": 0.04458631442574483, "Min": 0.032206903905252784}, "12": {"Avg": 0.04024944776507152, "Max": 0.04568749349909401, "Min": 0.03259431971594392}, "Avg": 0.037536837576412366, "Max": 0.04709905325688649, "Min": 0.0187998539444693}, "80filter2layer1day0.1drop0.5rdrop": {"1": {"Avg": 0.05357789502424522, "Max": 0.0675080674522319, "Min": 0.03737758913837365}, "3": {"Avg": 0.06415337079494958, "Max": 0.06920231337681973, "Min": 0.0599541267671332}, "7": {"Avg": 0.051815202351754096, "Max": 0.07225064492942082, "Min": 0.02441805980461199}, "10": {"Avg": 0.06261790322515826, "Max": 0.06789500787625032, "Min": 0.06021092070541471}, "12": {"Avg": 0.06328931810874379, "Max": 0.06497037546405368, "Min": 0.06205483732865014}, "Avg": 0.059090737900970185, "Max": 0.07225064492942082, "Min": 0.02441805980461199}, "60filter2layer2day0.1drop0.5rdrop": {"1": {"Avg": 0.0551538559693316, "Max": 0.06907569516486102, "Min": 0.03836428386843849}, "3": {"Avg": 0.06802403263045172, "Max": 0.07112471213901124, "Min": 0.0648885254825538}, "7": {"Avg": 0.054840107559547456, "Max": 0.0761756232464624, "Min": 0.025179756466195986}, "10": {"Avg": 0.06674992556378638, "Max": 0.07079740312310215, "Min": 0.06117781154132354}, "12": {"Avg": 0.06758486814374833, "Max": 0.07038229796422009, "Min": 0.06388771849774512}, "Avg": 0.06247055797337309, "Max": 0.0761756232464624, "Min": 0.025179756466195986}, "40filter2layer1day0.1drop0rdrop": {"1": {"Avg": 0.04691210340406656, "Max": 0.05616659303121554, "Min": 0.033890218868474646}, "3": {"Avg": 0.055314666374456756, "Max": 0.05843291241395039, "Min": 0.05304767953998213}, "7": {"Avg": 0.044484005857903866, "Max": 0.05959073794320506, "Min": 0.024977392031224066}, "10": {"Avg": 0.05298078547556375, "Max": 0.05513411592061211, "Min": 0.04988425577105298}, "12": {"Avg": 0.053504585720737886, "Max": 0.059044248650896164, "Min": 0.051481379687602705}, "Avg": 0.05063922936654577, "Max": 0.05959073794320506, "Min": 0.024977392031224066}, "80filter2layer1day0.1drop0rdrop": {"1": {"Avg": 0.0449758699382858, "Max": 0.058509367185991284, "Min": 0.03021564541991599}, "3": {"Avg": 0.0560476674040869, "Max": 0.06429422358500182, "Min": 0.05016879439454177}, "7": {"Avg": 0.044412097423254346, "Max": 0.06425152970027892, "Min": 0.020227524587366465}, "10": {"Avg": 0.052389706214323685, "Max": 0.05999360301775435, "Min": 0.04776786002632601}, "12": {"Avg": 0.05264850757506827, "Max": 0.057969167387086434, "Min": 0.04877496747419097}, "Avg": 0.0500947697110038, "Max": 0.06429422358500182, "Min": 0.020227524587366465}, "40filter2layer2day0drop0.5rdrop": {"1": {"Avg": 0.0379461488249981, "Max": 0.04816935889567219, "Min": 0.030022831777588837}, "3": {"Avg": 0.04306731463123522, "Max": 0.05476851223638349, "Min": 0.035261614478155325}, "7": {"Avg": 0.0345220766016114, "Max": 0.043958028101035475, "Min": 0.021601923255732385}, "10": {"Avg": 0.042474560786957716, "Max": 0.05219046208897156, "Min": 0.0328655749667573}, "12": {"Avg": 0.04286358332883805, "Max": 0.05554377032031498, "Min": 0.03148212945528302}, "Avg": 0.04017473683472811, "Max": 0.05554377032031498, "Min": 0.021601923255732385}, "40filter2layer1day0.1drop0.5rdrop": {"1": {"Avg": 0.04100403637696453, "Max": 0.049458767481199796, "Min": 0.03143293692280358}, "3": {"Avg": 0.04698220771372528, "Max": 0.05641373058927322, "Min": 0.041342827479391296}, "7": {"Avg": 0.03735453738797164, "Max": 0.04658338678654101, "Min": 0.023236414705521652}, "10": {"Avg": 0.04608617273184703, "Max": 0.05414315040760626, "Min": 0.03825581544680828}, "12": {"Avg": 0.04665215452630473, "Max": 0.057226196925384644, "Min": 0.038315358122387455}, "Avg": 0.04361582174736264, "Max": 0.057226196925384644, "Min": 0.023236414705521652}, "80filter2layer2day0drop0.5rdrop": {"1": {"Avg": 0.030751578079538343, "Max": 0.03577586098249043, "Min": 0.0251193357004028}, "3": {"Avg": 0.03995172094517657, "Max": 0.04280990371285654, "Min": 0.03654666419713537}, "7": {"Avg": 0.032925280146457195, "Max": 0.04881422798624885, "Min": 0.01978107102863422}, "10": {"Avg": 0.04047199887568799, "Max": 0.042953066578178455, "Min": 0.03729924514127035}, "12": {"Avg": 0.0380219472692069, "Max": 0.04430892238669256, "Min": 0.03470904103434631}, "Avg": 0.036424505063213396, "Max": 0.04881422798624885, "Min": 0.01978107102863422}, "60filter2layer2day0drop0.5rdrop": {"1": {"Avg": 0.03482838879258552, "Max": 0.04469680854149798, "Min": 0.027533760987148062}, "3": {"Avg": 0.04057018198746137, "Max": 0.05123256507379831, "Min": 0.032769928718684775}, "7": {"Avg": 0.03229873988113707, "Max": 0.03990737740861617, "Min": 0.020679132326228904}, "10": {"Avg": 0.04023137750367132, "Max": 0.04927072904697238, "Min": 0.03223064871221231},